2024-25,l/lankike01,10/11/2024,VAN,,PHI,O,2,31,29,0.935,0,65
2024-25,l/lankike01,10/17/2024,VAN,@,FLA,W,2,28,26,0.929,0,62.15
2024-25,l/lankike01,10/19/2024,VAN,@,PHI,W,0,26,26,1,1,59.88333333333333
2024-25,l/lankike01,10/22/2024,VAN,@,CHI,W,3,34,31,0.912,0,60
2024-25,l/lankike01,10/26/2024,VAN,,PIT,W,3,24,21,0.875,0,60
2024-25,l/lankike01,10/28/2024,VAN,,CAR,O,4,32,28,0.875,0,60.31666666666667
2024-25,l/lankike01,11/2/2024,VAN,@,SJS,W,2,23,21,0.913,0,59.983333333333334
2024-25,l/lankike01,11/5/2024,VAN,@,ANA,W,1,22,21,0.955,0,60
2024-25,l/lankike01,11/7/2024,VAN,@,LAK,W,2,28,26,0.929,0,60
2024-25,l/lankike01,11/9/2024,VAN,,EDM,L,7,27,20,0.741,0,51.083333333333336
2024-25,l/lankike01,11/12/2024,VAN,,CGY,W,1,29,28,0.966,0,59.53333333333333
2024-25,l/lankike01,11/14/2024,VAN,,NYI,L,4,31,27,0.871,0,57.2
2024-25,l/lankike01,11/17/2024,VAN,,NSH,L,4,21,17,0.81,0,58.85
2024-25,l/lankike01,11/23/2024,VAN,@,OTT,W,3,29,26,0.897,0,58.333333333333336
2024-25,l/lankike01,11/26/2024,VAN,@,BOS,W,0,33,33,1,1,60
2024-25,l/lankike01,11/29/2024,VAN,@,BUF,W,3,34,31,0.912,0,63.1
2024-25,l/lankike01,12/1/2024,VAN,@,DET,W,4,31,27,0.871,0,64
2024-25,l/lankike01,12/3/2024,VAN,@,MIN,O,3,29,26,0.897,0,63.9
2024-25,b/blomqjo01,10/10/2024,PIT,@,DET,W,3,32,29,0.906,0,59.766666666666666
2024-25,b/blomqjo01,10/12/2024,PIT,@,TOR,L,3,32,29,0.906,0,58.85
2024-25,b/blomqjo01,10/16/2024,PIT,,BUF,W,2,28,26,0.929,0,49
2024-25,b/blomqjo01,10/18/2024,PIT,,CAR,L,4,38,34,0.895,0,60
2024-25,b/blomqjo01,10/25/2024,PIT,@,EDM,L,4,50,46,0.92,0,59.93333333333333
2024-25,b/blomqjo01,10/29/2024,PIT,,MIN,L,4,39,35,0.897,0,58.81666666666667
2024-25,b/blomqjo01,11/8/2024,PIT,@,WSH,W,2,34,32,0.941,0,59.583333333333336
2024-25,b/blomqjo01,11/11/2024,PIT,,DAL,L,3,8,5,0.625,0,10.266666666666667
2024-25,v/varlasi01,10/10/2024,NYI,,UTA,O,5,26,21,0.808,0,62.3
2024-25,v/varlasi01,10/12/2024,NYI,@,DAL,L,2,26,24,0.923,0,57.05
2024-25,v/varlasi01,10/19/2024,NYI,,MTL,W,3,24,21,0.875,0,64.26666666666667
2024-25,v/varlasi01,10/26/2024,NYI,,FLA,L,5,28,23,0.821,0,58.233333333333334
2024-25,v/varlasi01,10/30/2024,NYI,@,CBJ,L,1,25,24,0.96,0,57.38333333333333
2024-25,v/varlasi01,11/7/2024,NYI,@,OTT,W,2,30,28,0.933,0,60
2024-25,v/varlasi01,11/14/2024,NYI,@,VAN,W,2,26,24,0.923,0,59.81666666666667
2024-25,v/varlasi01,11/19/2024,NYI,@,CGY,O,1,31,30,0.968,0,64.78333333333333
2024-25,v/varlasi01,11/25/2024,NYI,,DET,L,3,20,17,0.85,0,57.233333333333334
2024-25,v/varlasi01,11/29/2024,NYI,@,WSH,O,5,26,21,0.808,0,61.333333333333336
2024-25,s/shestig01,10/9/2024,NYR,@,PIT,W,0,31,31,1,1,60
2024-25,s/shestig01,10/12/2024,NYR,,UTA,O,6,26,20,0.769,0,64.03333333333333
2024-25,s/shestig01,10/14/2024,NYR,,DET,W,1,32,31,0.969,0,59.8
2024-25,s/shestig01,10/19/2024,NYR,@,TOR,W,1,35,34,0.971,0,59.8
2024-25,s/shestig01,10/22/2024,NYR,@,MTL,W,2,23,21,0.913,0,60
2024-25,s/shestig01,10/24/2024,NYR,,FLA,L,3,29,26,0.897,0,56.95
2024-25,s/shestig01,10/29/2024,NYR,@,WSH,L,4,45,41,0.911,0,58.9
2024-25,s/shestig01,11/1/2024,NYR,,OTT,W,1,41,40,0.976,0,60
2024-25,s/shestig01,11/3/2024,NYR,,NYI,W,2,37,35,0.946,0,60
2024-25,s/shestig01,11/7/2024,NYR,,BUF,L,5,12,7,0.583,0,33.18333333333333
2024-25,s/shestig01,11/12/2024,NYR,,WPG,L,5,32,27,0.844,0,58.233333333333334
2024-25,s/shestig01,11/14/2024,NYR,,SJS,W,2,27,25,0.926,0,59.516666666666666
2024-25,s/shestig01,11/19/2024,NYR,@,VAN,W,3,24,21,0.875,0,59.63333333333333
2024-25,s/shestig01,11/21/2024,NYR,@,CGY,L,3,49,46,0.939,0,57.85
2024-25,s/shestig01,11/25/2024,NYR,,STL,L,4,43,39,0.907,0,59.53333333333333
2024-25,s/shestig01,11/27/2024,NYR,@,CAR,L,4,31,27,0.871,0,57.7
2024-25,s/shestig01,11/29/2024,NYR,@,PHI,L,2,34,32,0.941,0,57.86666666666667
2024-25,s/shestig01,12/2/2024,NYR,,NJD,L,5,28,23,0.821,0,59.96666666666667
2024-25,h/hussovi01,10/10/2024,DET,,PIT,L,4,14,10,0.714,0,25.466666666666665
2024-25,h/hussovi01,11/9/2024,DET,,NYR,L,3,23,20,0.87,0,59.55
2024-25,h/hussovi01,12/1/2024,DET,,VAN,O,3,18,15,0.833,0,37.36666666666667
2024-25,h/hussovi01,12/3/2024,DET,@,BOS,O,3,35,32,0.914,0,62.25
2024-25,q/quickjo01,10/17/2024,NYR,@,DET,W,2,31,29,0.935,0,59.21666666666667
2024-25,q/quickjo01,10/26/2024,NYR,,ANA,W,1,33,32,0.97,0,60
2024-25,q/quickjo01,11/7/2024,NYR,,BUF,,1,10,9,0.9,0,25.95
2024-25,q/quickjo01,11/9/2024,NYR,@,DET,W,0,37,37,1,1,60
2024-25,q/quickjo01,11/17/2024,NYR,@,SEA,W,0,24,24,1,1,60
2024-25,q/quickjo01,11/23/2024,NYR,@,EDM,L,6,40,34,0.85,0,59.11666666666667
2024-25,q/quickjo01,11/30/2024,NYR,,MTL,W,3,28,25,0.893,0,60
2024-25,p/peretya01,11/30/2024,CAR,@,FLA,,1,7,6,0.857,0,8.2
2024-25,s/sarosju01,10/12/2024,NSH,@,DET,L,2,21,19,0.905,0,57.35
2024-25,s/sarosju01,10/15/2024,NSH,,SEA,L,6,34,28,0.824,0,57.083333333333336
2024-25,s/sarosju01,10/17/2024,NSH,,EDM,L,3,35,32,0.914,0,57.983333333333334
2024-25,s/sarosju01,10/19/2024,NSH,,DET,L,3,22,19,0.864,0,58.5
2024-25,s/sarosju01,10/22/2024,NSH,,BOS,W,0,33,33,1,1,59.93333333333333
2024-25,s/sarosju01,10/25/2024,NSH,@,CHI,W,2,29,27,0.931,0,59.96666666666667
2024-25,s/sarosju01,10/28/2024,NSH,@,TBL,O,3,27,24,0.889,0,63.36666666666667
2024-25,s/sarosju01,10/31/2024,NSH,,EDM,L,5,29,24,0.828,0,59.93333333333333
2024-25,s/sarosju01,11/2/2024,NSH,,COL,W,2,31,29,0.935,0,60
2024-25,s/sarosju01,11/4/2024,NSH,,LAK,L,2,26,24,0.923,0,58.95
2024-25,s/sarosju01,11/6/2024,NSH,@,WSH,L,3,36,33,0.917,0,58.5
2024-25,s/sarosju01,11/9/2024,NSH,,UTA,W,0,27,27,1,1,59.8
2024-25,s/sarosju01,11/11/2024,NSH,@,COL,O,3,32,29,0.906,0,62.733333333333334
2024-25,s/sarosju01,11/15/2024,NSH,@,CGY,L,1,32,31,0.969,0,59.13333333333333
2024-25,s/sarosju01,11/17/2024,NSH,@,VAN,W,3,27,24,0.889,0,60
2024-25,s/sarosju01,11/20/2024,NSH,@,SEA,L,2,36,34,0.944,0,58.583333333333336
2024-25,s/sarosju01,11/23/2024,NSH,,WPG,W,1,24,23,0.958,0,60
2024-25,s/sarosju01,11/25/2024,NSH,@,NJD,L,4,30,26,0.867,0,39.88333333333333
2024-25,s/sarosju01,11/27/2024,NSH,,PHI,O,3,23,20,0.87,0,62.516666666666666
2024-25,s/sarosju01,11/29/2024,NSH,,TBL,O,3,28,25,0.893,0,61.016666666666666
2024-25,s/sarosju01,Date,Tm,,Opp,DEC,GA,SA,SV,SV%,SO,
2024-25,s/sarosju01,11/30/2024,NSH,@,MIN,O,3,28,25,0.893,0,60.766666666666666
2024-25,g/georgal01,10/9/2024,COL,@,VEG,L,5,16,11,0.688,0,40
2024-25,g/georgal01,10/12/2024,COL,,CBJ,,3,9,6,0.667,0,21.933333333333334
2024-25,g/georgal01,10/14/2024,COL,,NYI,L,5,36,31,0.861,0,56.63333333333333
2024-25,g/georgal01,10/16/2024,COL,,BOS,L,4,25,21,0.84,0,57.71666666666667
2024-25,g/georgal01,10/18/2024,COL,,ANA,W,3,19,16,0.842,0,64.31666666666666
2024-25,g/georgal01,10/28/2024,COL,,CHI,L,3,24,21,0.875,0,58.11666666666667
2024-25,g/georgal01,11/7/2024,COL,@,WPG,L,1,28,27,0.964,0,57.15
2024-25,g/georgal01,11/9/2024,COL,,CAR,W,4,31,27,0.871,0,60
2024-25,g/georgal01,11/11/2024,COL,,NSH,W,2,30,28,0.933,0,62.78333333333333
2024-25,g/georgal01,11/13/2024,COL,,LAK,W,2,15,13,0.867,0,60
2024-25,g/georgal01,11/21/2024,COL,@,WSH,W,1,29,28,0.966,0,60
2024-25,g/georgal01,11/23/2024,COL,@,FLA,W,4,31,27,0.871,0,60
2024-25,g/georgal01,11/25/2024,COL,@,TBL,,3,17,14,0.824,0,29.95
2024-25,g/georgal01,11/27/2024,COL,,VEG,W,1,19,18,0.947,0,64.88333333333334
2024-25,g/georgal01,11/29/2024,COL,@,DAL,L,4,23,19,0.826,0,57.2
2024-25,g/georgal01,11/30/2024,COL,,EDM,L,3,31,28,0.903,0,58.38333333333333
2024-25,g/georgal01,12/3/2024,COL,@,BUF,,4,8,4,0.5,0,11.816666666666666
2024-25,v/vladada01,10/9/2024,CGY,@,VAN,W,5,24,19,0.792,0,61.55
2024-25,v/vladada01,10/13/2024,CGY,@,EDM,W,1,26,25,0.962,0,60
2024-25,v/vladada01,10/19/2024,CGY,@,SEA,O,2,23,21,0.913,0,60.8
2024-25,v/vladada01,10/24/2024,CGY,,CAR,L,3,42,39,0.929,0,59.56666666666667
2024-25,v/vladada01,10/28/2024,CGY,@,VEG,L,5,38,33,0.868,0,60
2024-25,v/vladada01,11/1/2024,CGY,,NJD,W,0,22,22,1,1,59.983333333333334
2024-25,v/vladada01,11/3/2024,CGY,,EDM,L,3,30,27,0.9,0,58.35
2024-25,v/vladada01,11/9/2024,CGY,@,BUF,O,2,19,17,0.895,0,65
2024-25,v/vladada01,11/12/2024,CGY,@,VAN,L,3,32,29,0.906,0,57.6
2024-25,v/vladada01,11/23/2024,CGY,,MIN,W,3,23,20,0.87,0,64.63333333333334
2024-25,v/vladada01,11/27/2024,CGY,@,DET,O,2,27,25,0.926,0,63.583333333333336
2024-25,v/vladada01,11/30/2024,CGY,@,PIT,L,6,43,37,0.86,0,60
2024-25,v/vladada01,12/3/2024,CGY,,CBJ,W,0,16,16,1,1,60
2024-25,c/copleph01,10/16/2024,LAK,@,TOR,,2,12,10,0.833,0,27.483333333333334
2024-25,f/forsban01,10/14/2024,OTT,,LAK,,3,9,6,0.667,0,26.25
2024-25,f/forsban01,10/17/2024,OTT,,NJD,L,3,35,32,0.914,0,57.833333333333336
2024-25,f/forsban01,10/19/2024,OTT,,TBL,W,4,29,25,0.862,0,60
2024-25,f/forsban01,10/22/2024,OTT,@,UTA,W,0,31,31,1,1,60
2024-25,f/forsban01,10/27/2024,OTT,@,COL,L,4,29,25,0.862,0,53.13333333333333
2024-25,f/forsban01,11/2/2024,OTT,,SEA,W,0,22,22,1,1,59.46666666666667
2024-25,f/forsban01,11/7/2024,OTT,,NYI,L,3,24,21,0.875,0,58.5
2024-25,f/forsban01,11/16/2024,OTT,@,CAR,L,3,27,24,0.889,0,59.68333333333333
2024-25,f/forsban01,11/25/2024,OTT,,CGY,W,3,27,24,0.889,0,59.75
2024-25,f/forsban01,11/30/2024,OTT,@,LAK,L,4,26,22,0.846,0,58.416666666666664
2024-25,s/samsoil01,10/13/2024,VEG,,ANA,W,1,23,22,0.957,0,60
2024-25,s/samsoil01,10/19/2024,VEG,@,FLA,O,4,49,45,0.918,0,64.71666666666667
2024-25,s/samsoil01,10/22/2024,VEG,,LAK,W,1,35,34,0.971,0,60
2024-25,s/samsoil01,10/26/2024,VEG,,SJS,W,3,26,23,0.885,0,60
2024-25,s/samsoil01,10/30/2024,VEG,@,LAK,L,6,27,21,0.778,0,60
2024-25,s/samsoil01,11/17/2024,VEG,,WSH,L,4,24,20,0.833,0,57.416666666666664
2024-25,s/samsoil01,11/21/2024,VEG,@,OTT,W,2,40,38,0.95,0,59.86666666666667
2024-25,s/samsoil01,11/25/2024,VEG,@,PHI,W,4,36,32,0.889,0,64.93333333333334
2024-25,s/samsoil01,11/30/2024,VEG,,UTA,L,6,28,22,0.786,0,60
2024-25,d/desmica01,10/13/2024,DAL,,SEA,W,0,25,25,1,1,59.65
2024-25,d/desmica01,10/17/2024,DAL,@,WSH,L,3,26,23,0.885,0,57.95
2024-25,d/desmica01,10/24/2024,DAL,@,BOS,W,2,27,25,0.926,0,59.93333333333333
2024-25,d/desmica01,11/2/2024,DAL,@,FLA,L,3,24,21,0.875,0,59.31666666666667
2024-25,d/desmica01,11/9/2024,DAL,@,WPG,,0,10,10,1,0,30.65
2024-25,d/desmica01,11/18/2024,DAL,,ANA,L,4,27,23,0.852,0,57.36666666666667
2024-25,d/desmica01,11/27/2024,DAL,@,CHI,L,6,26,20,0.769,0,59.4
2024-25,d/desmica01,12/2/2024,DAL,@,UTA,W,1,37,36,0.973,0,60
2024-25,g/gibsojo02,11/10/2024,ANA,,CBJ,W,2,40,38,0.95,0,60
2024-25,g/gibsojo02,11/15/2024,ANA,,DET,W,4,25,21,0.84,0,59.7
2024-25,g/gibsojo02,11/19/2024,ANA,@,CHI,W,2,20,18,0.9,0,60
2024-25,g/gibsojo02,11/22/2024,ANA,,BUF,O,3,32,29,0.906,0,64
2024-25,g/gibsojo02,11/27/2024,ANA,@,SEA,W,2,44,42,0.955,0,60
2024-25,g/gibsojo02,11/29/2024,ANA,,LAK,L,2,18,16,0.889,0,58.483333333333334
2024-25,v/vejmeka01,10/14/2024,UTA,@,NJD,L,3,32,29,0.906,0,58.18333333333333
2024-25,v/vejmeka01,10/22/2024,UTA,,OTT,,0,14,14,1,0,39.96666666666667
2024-25,v/vejmeka01,10/24/2024,UTA,,COL,L,5,26,21,0.808,0,60
2024-25,v/vejmeka01,11/5/2024,UTA,@,WPG,L,2,27,25,0.926,0,59.833333333333336
2024-25,v/vejmeka01,11/13/2024,UTA,,CAR,W,1,50,49,0.98,0,60
2024-25,v/vejmeka01,11/15/2024,UTA,,VEG,L,3,28,25,0.893,0,59.35
2024-25,v/vejmeka01,11/18/2024,UTA,,WSH,,2,11,9,0.818,0,34.36666666666667
2024-25,v/vejmeka01,11/21/2024,UTA,@,BOS,L,1,31,30,0.968,0,58.28333333333333
2024-25,v/vejmeka01,11/23/2024,UTA,@,PIT,W,1,28,27,0.964,0,59.8
2024-25,v/vejmeka01,11/24/2024,UTA,@,TOR,L,3,35,32,0.914,0,58.4
2024-25,v/vejmeka01,11/26/2024,UTA,@,MTL,W,2,13,11,0.846,0,64.1
2024-25,v/vejmeka01,11/29/2024,UTA,,EDM,O,4,32,28,0.875,0,61.3
2024-25,v/vejmeka01,12/2/2024,UTA,,DAL,L,2,21,19,0.905,0,57.8
2024-25,k/kahkoka01,10/30/2024,COL,,TBL,L,4,20,16,0.8,0,58.266666666666666
2024-25,b/bobrose01,10/8/2024,FLA,,BOS,W,4,28,24,0.857,0,60
2024-25,b/bobrose01,10/10/2024,FLA,@,OTT,L,2,30,28,0.933,0,58.56666666666667
2024-25,b/bobrose01,10/14/2024,FLA,@,BOS,W,3,27,24,0.889,0,59.96666666666667
2024-25,b/bobrose01,10/17/2024,FLA,,VAN,O,3,33,30,0.909,0,62.15
2024-25,b/bobrose01,10/19/2024,FLA,,VEG,W,3,26,23,0.885,0,64.71666666666667
2024-25,b/bobrose01,10/22/2024,FLA,,MIN,L,5,16,11,0.688,0,40
2024-25,b/bobrose01,10/24/2024,FLA,@,NYR,W,1,25,24,0.96,0,60
2024-25,b/bobrose01,10/28/2024,FLA,@,BUF,W,2,28,26,0.929,0,60
2024-25,b/bobrose01,11/1/2024,FLA,@,DAL,W,4,36,32,0.889,0,60
2024-25,b/bobrose01,11/7/2024,FLA,,NSH,W,2,18,16,0.889,0,59.7
2024-25,b/bobrose01,11/9/2024,FLA,,PHI,W,3,37,34,0.919,0,65
2024-25,b/bobrose01,11/14/2024,FLA,,NJD,L,5,28,23,0.821,0,57.95
2024-25,b/bobrose01,11/16/2024,FLA,,WPG,W,0,27,27,1,1,59.7
2024-25,b/bobrose01,11/19/2024,FLA,@,WPG,L,4,25,21,0.84,0,58.13333333333333
2024-25,b/bobrose01,11/23/2024,FLA,,COL,L,6,24,18,0.75,0,59.55
2024-25,b/bobrose01,11/27/2024,FLA,,TOR,W,1,24,23,0.958,0,60
2024-25,b/bobrose01,11/29/2024,FLA,@,CAR,W,3,31,28,0.903,0,60
2024-25,k/kolosal01,10/27/2024,PHI,,MTL,L,4,24,20,0.833,0,58.166666666666664
2024-25,k/kolosal01,11/2/2024,PHI,,BOS,L,2,22,20,0.909,0,51.416666666666664
2024-25,k/kolosal01,11/5/2024,PHI,@,CAR,L,5,34,29,0.853,0,58.9
2024-25,k/kolosal01,11/18/2024,PHI,,COL,L,3,29,26,0.897,0,57.916666666666664
2024-25,k/kolosal01,11/23/2024,PHI,,CHI,W,2,21,19,0.905,0,61.1
2024-25,k/kolosal01,11/27/2024,PHI,@,NSH,W,2,27,25,0.926,0,60.06666666666667
2024-25,k/kolosal01,11/30/2024,PHI,@,STL,W,2,27,25,0.926,0,60.46666666666667
2024-25,a/anderfr01,10/11/2024,CAR,,TBL,L,2,21,19,0.905,0,58.13333333333333
2024-25,a/anderfr01,10/18/2024,CAR,@,PIT,W,1,26,25,0.962,0,59.483333333333334
2024-25,a/anderfr01,10/22/2024,CAR,@,EDM,W,2,35,33,0.943,0,64.81666666666666
2024-25,a/anderfr01,10/26/2024,CAR,@,SEA,W,1,19,18,0.947,0,60
2024-25,t/tarasda02,10/12/2024,CBJ,@,COL,W,4,30,26,0.867,0,60
2024-25,t/tarasda02,10/17/2024,CBJ,,BUF,W,4,24,20,0.833,0,59.85
2024-25,t/tarasda02,10/19/2024,CBJ,,MIN,L,3,34,31,0.912,0,58.5
2024-25,t/tarasda02,10/22/2024,CBJ,,TOR,W,2,28,26,0.929,0,58.916666666666664
2024-25,t/tarasda02,10/26/2024,CBJ,@,NSH,O,4,33,29,0.879,0,61.11666666666667
2024-25,t/tarasda02,11/2/2024,CBJ,@,WSH,L,7,22,15,0.682,0,60
2024-25,t/tarasda02,11/10/2024,CBJ,@,ANA,L,3,29,26,0.897,0,58.11666666666667
2024-25,t/tarasda02,11/16/2024,CBJ,@,MTL,L,5,30,25,0.833,0,59.13333333333333
2024-25,p/portier01,11/29/2024,LAK,@,ANA,W,1,29,28,0.966,0,58.61666666666667
2024-25,v/vasilan02,10/11/2024,TBL,@,CAR,W,1,21,20,0.952,0,60
2024-25,v/vasilan02,10/15/2024,TBL,,VAN,W,1,27,26,0.963,0,60
2024-25,v/vasilan02,10/17/2024,TBL,,VEG,W,3,25,22,0.88,0,60
2024-25,v/vasilan02,10/19/2024,TBL,@,OTT,L,5,28,23,0.821,0,57.93333333333333
2024-25,v/vasilan02,10/21/2024,TBL,@,TOR,L,4,14,10,0.714,0,29.516666666666666
2024-25,v/vasilan02,10/24/2024,TBL,,MIN,L,3,17,14,0.824,0,58.93333333333333
2024-25,v/vasilan02,10/26/2024,TBL,,WSH,W,0,32,32,1,1,60
2024-25,v/vasilan02,10/28/2024,TBL,,NSH,W,2,37,35,0.946,0,63.36666666666667
2024-25,v/vasilan02,10/30/2024,TBL,@,COL,W,2,35,33,0.943,0,60
2024-25,v/vasilan02,11/1/2024,TBL,@,MIN,L,3,20,17,0.85,0,57.05
2024-25,v/vasilan02,11/5/2024,TBL,@,STL,L,3,23,20,0.87,0,58.36666666666667
2024-25,v/vasilan02,11/7/2024,TBL,,PHI,O,1,31,30,0.968,0,65
2024-25,v/vasilan02,11/14/2024,TBL,,WPG,W,1,24,23,0.958,0,60
2024-25,v/vasilan02,11/16/2024,TBL,,NJD,W,0,29,29,1,1,59.56666666666667
2024-25,v/vasilan02,11/19/2024,TBL,@,PIT,W,2,19,17,0.895,0,63.96666666666667
2024-25,v/vasilan02,11/23/2024,TBL,,DAL,L,4,28,24,0.857,0,57.233333333333334
2024-25,v/vasilan02,11/25/2024,TBL,,COL,W,2,25,23,0.92,0,60
2024-25,v/vasilan02,11/27/2024,TBL,,WSH,L,5,32,27,0.844,0,58.78333333333333
2024-25,v/vasilan02,11/30/2024,TBL,,TOR,L,4,28,24,0.857,0,56
2024-25,e/erssosa01,10/11/2024,PHI,@,VAN,W,2,26,24,0.923,0,65
2024-25,e/erssosa01,10/15/2024,PHI,@,EDM,O,4,31,27,0.871,0,60.93333333333333
2024-25,e/erssosa01,10/17/2024,PHI,@,SEA,,1,5,4,0.8,0,15.3
2024-25,e/erssosa01,10/19/2024,PHI,,VAN,L,3,32,29,0.906,0,59.63333333333333
2024-25,e/erssosa01,10/22/2024,PHI,,WSH,L,4,29,25,0.862,0,60
2024-25,e/erssosa01,10/26/2024,PHI,,MIN,W,5,26,21,0.808,0,59.733333333333334
2024-25,e/erssosa01,10/29/2024,PHI,@,BOS,W,0,25,25,1,1,60
2024-25,e/erssosa01,10/31/2024,PHI,,STL,W,1,21,20,0.952,0,59.88333333333333
2024-25,e/erssosa01,11/2/2024,PHI,,BOS,,0,8,8,1,0,7.6
2024-25,e/erssosa01,11/9/2024,PHI,@,FLA,O,3,31,28,0.903,0,64.78333333333333
2024-25,e/erssosa01,11/11/2024,PHI,,SJS,W,3,31,28,0.903,0,65
2024-25,r/rittida01,10/16/2024,LAK,@,TOR,L,4,14,10,0.714,0,32.36666666666667
2024-25,r/rittida01,10/17/2024,LAK,@,MTL,W,1,27,26,0.963,0,60
2024-25,r/rittida01,10/20/2024,LAK,@,ANA,W,1,14,13,0.929,0,60
2024-25,r/rittida01,10/22/2024,LAK,@,VEG,L,6,30,24,0.8,0,59.78333333333333
2024-25,r/rittida01,10/24/2024,LAK,,SJS,W,2,26,24,0.923,0,60
2024-25,r/rittida01,10/29/2024,LAK,@,SJS,L,3,20,17,0.85,0,58.13333333333333
2024-25,r/rittida01,11/5/2024,LAK,@,MIN,W,1,24,23,0.958,0,60
2024-25,r/rittida01,11/9/2024,LAK,,CBJ,W,2,26,24,0.923,0,59.666666666666664
2024-25,r/rittida01,11/13/2024,LAK,@,COL,L,1,5,4,0.8,0,14.683333333333334
2024-25,r/rittida01,11/16/2024,LAK,,DET,W,1,18,17,0.944,0,60
2024-25,r/rittida01,11/20/2024,LAK,,BUF,L,1,19,18,0.947,0,57.38333333333333
2024-25,r/rittida01,11/23/2024,LAK,,SEA,W,1,20,19,0.95,0,60
2024-25,r/rittida01,11/25/2024,LAK,@,SJS,L,7,21,14,0.667,0,60
2024-25,r/rittida01,11/27/2024,LAK,,WPG,W,1,14,13,0.929,0,60
2024-25,r/rittida01,11/29/2024,LAK,@,ANA,,0,2,2,1,0,1.3833333333333333
2024-25,r/rittida01,11/30/2024,LAK,,OTT,W,2,22,20,0.909,0,60
2024-25,a/allenja01,10/5/2024,NJD,,BUF,W,1,18,17,0.944,0,60
2024-25,a/allenja01,10/14/2024,NJD,,UTA,W,0,20,20,1,1,60
2024-25,a/allenja01,10/22/2024,NJD,,TBL,L,8,37,29,0.784,0,59.516666666666666
2024-25,a/allenja01,10/25/2024,NJD,,NYI,O,4,30,26,0.867,0,60.766666666666666
2024-25,a/allenja01,11/4/2024,NJD,@,EDM,W,0,31,31,1,1,60
2024-25,a/allenja01,11/10/2024,NJD,,SJS,L,1,27,26,0.963,0,57
2024-25,a/allenja01,11/14/2024,NJD,@,FLA,W,2,27,25,0.926,0,60
2024-25,a/allenja01,11/23/2024,NJD,@,WSH,W,2,25,23,0.92,0,60
2024-25,a/allenja01,11/30/2024,NJD,,WSH,L,6,32,26,0.813,0,56.6
2024-25,j/johanjo03,10/21/2024,TBL,@,TOR,,1,15,14,0.933,0,28.366666666666667
2024-25,j/johanjo03,10/22/2024,TBL,@,NJD,W,5,35,30,0.857,0,59.95
2024-25,j/johanjo03,11/3/2024,TBL,@,WPG,L,5,32,27,0.844,0,58.1
2024-25,j/johanjo03,11/21/2024,TBL,@,CBJ,O,7,43,36,0.837,0,60.55
2024-25,j/johanjo03,11/29/2024,TBL,@,NSH,W,2,31,29,0.935,0,61.016666666666666
2024-25,c/comrier01,10/20/2024,WPG,,PIT,W,3,42,39,0.929,0,59.88333333333333
2024-25,c/comrier01,10/26/2024,WPG,@,CGY,W,3,29,26,0.897,0,60
2024-25,c/comrier01,11/1/2024,WPG,@,CBJ,W,2,22,20,0.909,0,60
2024-25,c/comrier01,11/14/2024,WPG,@,TBL,L,3,28,25,0.893,0,57.96666666666667
2024-25,c/comrier01,11/23/2024,WPG,@,NSH,L,3,35,32,0.914,0,58.93333333333333
2024-25,c/comrier01,11/29/2024,WPG,@,VEG,L,4,30,26,0.867,0,58.31666666666667
2024-25,t/talboca01,10/10/2024,DET,,PIT,,2,14,12,0.857,0,34.53333333333333
2024-25,t/talboca01,10/12/2024,DET,,NSH,W,0,42,42,1,1,60
2024-25,t/talboca01,10/17/2024,DET,,NYR,L,5,19,14,0.737,0,32.333333333333336
2024-25,t/talboca01,10/24/2024,DET,,NJD,W,3,40,37,0.925,0,60
2024-25,t/talboca01,10/27/2024,DET,,EDM,O,3,34,31,0.912,0,60.3
2024-25,t/talboca01,11/2/2024,DET,,BUF,W,1,32,31,0.969,0,60
2024-25,t/talboca01,11/6/2024,DET,@,CHI,W,1,29,28,0.966,0,59.65
2024-25,t/talboca01,11/8/2024,DET,@,TOR,L,2,19,17,0.895,0,58.75
2024-25,t/talboca01,11/13/2024,DET,@,PIT,W,2,33,31,0.939,0,61.5
2024-25,t/talboca01,11/16/2024,DET,@,LAK,L,3,40,37,0.925,0,58.61666666666667
2024-25,t/talboca01,11/18/2024,DET,@,SJS,O,5,34,29,0.853,0,60.766666666666666
2024-25,t/talboca01,11/23/2024,DET,,BOS,L,2,29,27,0.931,0,58.05
2024-25,t/talboca01,11/27/2024,DET,,CGY,W,1,25,24,0.96,0,63.583333333333336
2024-25,t/talboca01,11/29/2024,DET,,NJD,L,5,29,24,0.828,0,57.75
2024-25,t/talboca01,12/1/2024,DET,,VAN,,2,14,12,0.857,0,26.083333333333332
2024-25,l/lyonal01,10/14/2024,DET,@,NYR,L,3,27,24,0.889,0,57.78333333333333
2024-25,l/lyonal01,10/17/2024,DET,,NYR,,0,15,15,1,0,27.533333333333335
2024-25,l/lyonal01,10/19/2024,DET,@,NSH,W,2,39,37,0.949,0,60
2024-25,l/lyonal01,10/22/2024,DET,@,NYI,W,0,30,30,1,1,60
2024-25,l/lyonal01,10/26/2024,DET,@,BUF,L,4,38,34,0.895,0,58.666666666666664
2024-25,l/lyonal01,10/30/2024,DET,,WPG,L,6,29,23,0.793,0,60
2024-25,l/lyonal01,11/15/2024,DET,@,ANA,L,5,28,23,0.821,0,58.78333333333333
2024-25,l/lyonal01,11/21/2024,DET,,NYI,W,1,23,22,0.957,0,60
2024-25,l/lyonal01,11/25/2024,DET,@,NYI,W,2,29,27,0.931,0,60
2024-25,h/helleco01,10/9/2024,WPG,@,EDM,W,0,30,30,1,1,60
2024-25,h/helleco01,10/11/2024,WPG,,CHI,W,1,26,25,0.962,0,60.06666666666667
2024-25,h/helleco01,10/13/2024,WPG,,MIN,W,1,27,26,0.963,0,60.833333333333336
2024-25,h/helleco01,10/18/2024,WPG,,SJS,W,3,22,19,0.864,0,59.266666666666666
2024-25,h/helleco01,10/22/2024,WPG,@,STL,W,2,29,27,0.931,0,59.416666666666664
2024-25,h/helleco01,10/24/2024,WPG,@,SEA,W,3,32,29,0.906,0,61.31666666666667
2024-25,h/helleco01,10/28/2024,WPG,,TOR,L,5,35,30,0.857,0,59.35
2024-25,h/helleco01,10/30/2024,WPG,@,DET,W,2,21,19,0.905,0,60
2024-25,h/helleco01,11/3/2024,WPG,,TBL,W,4,30,26,0.867,0,60
2024-25,h/helleco01,11/5/2024,WPG,,UTA,W,0,21,21,1,1,60
2024-25,h/helleco01,11/7/2024,WPG,,COL,W,0,35,35,1,1,59.75
2024-25,h/helleco01,11/9/2024,WPG,,DAL,W,1,33,32,0.97,0,60
2024-25,h/helleco01,11/12/2024,WPG,@,NYR,W,3,36,33,0.917,0,59.983333333333334
2024-25,h/helleco01,11/16/2024,WPG,@,FLA,L,5,31,26,0.839,0,60
2024-25,h/helleco01,11/19/2024,WPG,,FLA,W,3,23,20,0.87,0,59.9
2024-25,h/helleco01,11/22/2024,WPG,@,PIT,W,1,18,17,0.944,0,60
2024-25,h/helleco01,11/25/2024,WPG,@,MIN,W,1,44,43,0.977,0,60
2024-25,h/helleco01,11/27/2024,WPG,@,LAK,L,3,32,29,0.906,0,59.56666666666667
2024-25,h/helleco01,12/1/2024,WPG,@,DAL,L,2,30,28,0.933,0,58.36666666666667
2024-25,h/helleco01,12/3/2024,WPG,,STL,L,3,31,28,0.903,0,59.11666666666667
2024-25,s/swaymje01,10/10/2024,BOS,,MTL,W,4,24,20,0.833,0,60
2024-25,s/swaymje01,10/12/2024,BOS,,LAK,W,1,34,33,0.971,0,62.7
2024-25,s/swaymje01,10/14/2024,BOS,,FLA,L,4,26,22,0.846,0,58.31666666666667
2024-25,s/swaymje01,10/19/2024,BOS,@,UTA,O,2,32,30,0.938,0,62.61666666666667
2024-25,s/swaymje01,10/22/2024,BOS,@,NSH,L,3,41,38,0.927,0,59.68333333333333
2024-25,s/swaymje01,10/24/2024,BOS,,DAL,L,4,31,27,0.871,0,58.1
2024-25,s/swaymje01,10/26/2024,BOS,,TOR,W,3,23,20,0.87,0,62.43333333333333
2024-25,s/swaymje01,10/31/2024,BOS,@,CAR,L,6,22,16,0.727,0,29.533333333333335
2024-25,s/swaymje01,11/3/2024,BOS,,SEA,W,0,23,23,1,1,59.61666666666667
2024-25,s/swaymje01,11/5/2024,BOS,@,TOR,L,3,26,23,0.885,0,59.516666666666666
2024-25,s/swaymje01,11/9/2024,BOS,,OTT,O,3,34,31,0.912,0,60.35
2024-25,s/swaymje01,11/12/2024,BOS,@,STL,W,2,22,20,0.909,0,60
2024-25,s/swaymje01,11/14/2024,BOS,@,DAL,L,7,38,31,0.816,0,60
2024-25,s/swaymje01,11/18/2024,BOS,,CBJ,L,5,28,23,0.821,0,59.4
2024-25,s/swaymje01,11/23/2024,BOS,@,DET,W,1,20,19,0.95,0,60
2024-25,s/swaymje01,11/26/2024,BOS,,VAN,L,1,14,13,0.929,0,58.61666666666667
2024-25,s/swaymje01,11/29/2024,BOS,,PIT,L,2,36,34,0.944,0,57.983333333333334
2024-25,s/swaymje01,12/1/2024,BOS,,MTL,W,3,28,25,0.893,0,60
2024-25,a/askarya01,11/21/2024,SJS,@,STL,O,2,31,29,0.935,0,62.35
2024-25,a/askarya01,11/25/2024,SJS,,LAK,W,2,24,22,0.917,0,60
2024-25,i/ingraco01,10/8/2024,UTA,,CHI,W,2,26,24,0.923,0,60
2024-25,i/ingraco01,10/10/2024,UTA,@,NYI,W,4,27,23,0.852,0,62.3
2024-25,i/ingraco01,10/12/2024,UTA,@,NYR,W,5,34,29,0.853,0,64.08333333333333
2024-25,i/ingraco01,10/16/2024,UTA,@,ANA,O,5,34,29,0.853,0,60.9
2024-25,i/ingraco01,10/19/2024,UTA,,BOS,W,1,22,21,0.955,0,62.38333333333333
2024-25,i/ingraco01,10/22/2024,UTA,,OTT,L,4,8,4,0.5,0,20
2024-25,i/ingraco01,10/26/2024,UTA,@,LAK,L,3,23,20,0.87,0,58.1
2024-25,i/ingraco01,10/28/2024,UTA,,SJS,O,5,46,41,0.891,0,61.43333333333333
2024-25,i/ingraco01,10/30/2024,UTA,,CGY,W,1,31,30,0.968,0,60
2024-25,i/ingraco01,11/2/2024,UTA,@,VEG,O,4,35,31,0.886,0,62.25
2024-25,i/ingraco01,11/7/2024,UTA,@,STL,W,2,15,13,0.867,0,60
2024-25,i/ingraco01,11/9/2024,UTA,@,NSH,L,3,20,17,0.85,0,57.4
2024-25,i/ingraco01,11/18/2024,UTA,,WSH,L,4,13,9,0.692,0,25.633333333333333
2024-25,w/wedgesc01,10/10/2024,NSH,,DAL,L,4,20,16,0.8,0,57.06666666666667
2024-25,w/wedgesc01,10/26/2024,NSH,,CBJ,W,3,28,25,0.893,0,61.71666666666667
2024-25,w/wedgesc01,11/7/2024,NSH,@,FLA,L,6,34,28,0.824,0,59.75
2024-25,w/wedgesc01,11/14/2024,NSH,@,EDM,O,3,34,31,0.912,0,62.55
2024-25,w/wedgesc01,11/25/2024,NSH,@,NJD,,0,15,15,1,0,18.933333333333334
2024-25,w/wedgesc01,12/3/2024,COL,@,BUF,W,0,22,22,1,0,48.18333333333333
2024-25,s/staubja01,11/30/2024,UTA,@,VEG,W,0,29,29,1,1,59.75
2024-25,s/schmiak01,11/11/2024,VEG,,CAR,,0,12,12,1,0,33.416666666666664
2024-25,d/dostalu01,10/12/2024,ANA,@,SJS,W,0,30,30,1,1,59.833333333333336
2024-25,d/dostalu01,10/16/2024,ANA,,UTA,W,4,30,26,0.867,0,60.833333333333336
2024-25,d/dostalu01,10/18/2024,ANA,@,COL,O,4,49,45,0.918,0,61.416666666666664
2024-25,d/dostalu01,10/20/2024,ANA,,LAK,L,2,34,32,0.941,0,59.38333333333333
2024-25,d/dostalu01,10/22/2024,ANA,,SJS,W,1,28,27,0.964,0,60
2024-25,d/dostalu01,10/26/2024,ANA,@,NYR,L,2,32,30,0.938,0,57.95
2024-25,d/dostalu01,10/29/2024,ANA,@,NYI,W,1,41,40,0.976,0,60
2024-25,d/dostalu01,10/31/2024,ANA,@,PIT,O,2,45,43,0.956,0,62.583333333333336
2024-25,d/dostalu01,11/3/2024,ANA,,CHI,L,4,29,25,0.862,0,58.53333333333333
2024-25,d/dostalu01,11/5/2024,ANA,,VAN,L,5,37,32,0.865,0,60
2024-25,d/dostalu01,11/8/2024,ANA,,MIN,L,5,31,26,0.839,0,59.85
2024-25,d/dostalu01,11/13/2024,ANA,,VEG,L,3,39,36,0.923,0,59.766666666666666
2024-25,d/dostalu01,11/18/2024,ANA,@,DAL,W,2,36,34,0.944,0,60
2024-25,d/dostalu01,11/25/2024,ANA,,SEA,L,3,28,25,0.893,0,57.43333333333333
2024-25,d/dostalu01,12/1/2024,ANA,,OTT,W,3,31,28,0.903,0,64.68333333333334
2024-25,n/nedelal01,10/20/2024,PIT,@,WPG,L,5,36,31,0.861,0,59.35
2024-25,n/nedelal01,10/22/2024,PIT,@,CGY,O,3,25,22,0.88,0,65
2024-25,n/nedelal01,10/26/2024,PIT,@,VAN,L,4,34,30,0.882,0,58.333333333333336
2024-25,n/nedelal01,10/31/2024,PIT,,ANA,W,1,23,22,0.957,0,62.583333333333336
2024-25,n/nedelal01,11/2/2024,PIT,,MTL,W,1,26,25,0.962,0,60
2024-25,n/nedelal01,11/5/2024,PIT,@,NYI,O,3,26,23,0.885,0,64.9
2024-25,n/nedelal01,11/7/2024,PIT,@,CAR,L,5,18,13,0.722,0,59.93333333333333
2024-25,n/nedelal01,11/11/2024,PIT,,DAL,,4,32,28,0.875,0,49.733333333333334
2024-25,n/nedelal01,11/13/2024,PIT,,DET,O,3,31,28,0.903,0,61.5
2024-25,n/nedelal01,11/16/2024,PIT,,SJS,W,3,29,26,0.897,0,65
2024-25,n/nedelal01,11/23/2024,PIT,,UTA,L,6,30,24,0.8,0,59.916666666666664
2024-25,n/nedelal01,11/30/2024,PIT,,CGY,W,2,32,30,0.938,0,59.3
2024-25,f/fedotiv01,10/12/2024,PHI,@,CGY,L,5,31,26,0.839,0,58.6
2024-25,f/fedotiv01,10/17/2024,PHI,@,SEA,L,5,24,19,0.792,0,40
2024-25,f/fedotiv01,10/23/2024,PHI,@,WSH,L,4,23,19,0.826,0,58.4
2024-25,f/fedotiv01,11/7/2024,PHI,@,TBL,W,1,23,22,0.957,0,65
2024-25,f/fedotiv01,11/14/2024,PHI,@,OTT,W,4,37,33,0.892,0,64.08333333333333
2024-25,f/fedotiv01,11/16/2024,PHI,,BUF,W,2,25,23,0.92,0,60
2024-25,f/fedotiv01,11/20/2024,PHI,,CAR,L,4,37,33,0.892,0,59.95
2024-25,f/fedotiv01,11/25/2024,PHI,,VEG,O,4,30,26,0.867,0,64.91666666666667
2024-25,f/fedotiv01,11/29/2024,PHI,,NYR,W,1,23,22,0.957,0,60
2024-25,t/thomplo01,10/15/2024,WSH,,VEG,W,2,26,24,0.923,0,59.56666666666667
2024-25,t/thomplo01,10/19/2024,WSH,@,NJD,W,5,31,26,0.839,0,63.63333333333333
2024-25,t/thomplo01,10/23/2024,WSH,,PHI,W,3,29,26,0.897,0,60
2024-25,t/thomplo01,10/29/2024,WSH,,NYR,W,3,19,16,0.842,0,60
2024-25,t/thomplo01,11/2/2024,WSH,,CBJ,W,2,36,34,0.944,0,60
2024-25,t/thomplo01,11/6/2024,WSH,,NSH,W,2,35,33,0.943,0,60
2024-25,t/thomplo01,11/9/2024,WSH,@,STL,W,1,25,24,0.96,0,60
2024-25,t/thomplo01,11/13/2024,WSH,,TOR,O,4,34,30,0.882,0,64.21666666666667
2024-25,t/thomplo01,11/17/2024,WSH,@,VEG,W,2,42,40,0.952,0,60
2024-25,t/thomplo01,11/21/2024,WSH,,COL,L,2,27,25,0.926,0,57.55
2024-25,t/thomplo01,11/25/2024,WSH,@,FLA,W,1,21,20,0.952,0,60
2024-25,t/thomplo01,11/29/2024,WSH,,NYI,W,4,24,20,0.833,0,61.166666666666664
2024-25,t/thomplo01,12/3/2024,WSH,,SJS,O,2,31,29,0.935,0,60.65
2024-25,f/fleurma01,10/12/2024,MIN,,SEA,O,4,34,30,0.882,0,64.56666666666666
2024-25,f/fleurma01,10/24/2024,MIN,@,TBL,W,2,26,24,0.923,0,60
2024-25,f/fleurma01,10/29/2024,MIN,@,PIT,W,3,29,26,0.897,0,59.983333333333334
2024-25,f/fleurma01,11/7/2024,MIN,@,SJS,W,2,26,24,0.923,0,59.8
2024-25,f/fleurma01,11/21/2024,MIN,@,EDM,W,3,31,28,0.903,0,59.78333333333333
2024-25,f/fleurma01,11/29/2024,MIN,,CHI,W,2,23,21,0.913,0,60
2024-25,l/levide01,10/5/2024,BUF,@,NJD,L,3,37,34,0.919,0,56.766666666666666
2024-25,l/levide01,10/12/2024,BUF,,FLA,W,2,25,23,0.92,0,60
2024-25,l/levide01,10/17/2024,BUF,@,CBJ,L,6,25,19,0.76,0,57.333333333333336
2024-25,l/levide01,11/1/2024,BUF,,NYI,L,4,36,32,0.889,0,56.1
2024-25,l/levide01,11/11/2024,BUF,,MTL,L,2,4,2,0.5,0,18.833333333333332
2024-25,l/levide01,11/14/2024,BUF,,STL,W,3,27,24,0.889,0,60.7
2024-25,l/levide01,11/16/2024,BUF,@,PHI,L,4,31,27,0.871,0,55.06666666666667
2024-25,b/binnijo01,10/8/2024,STL,@,SEA,W,2,32,30,0.938,0,60
2024-25,b/binnijo01,10/11/2024,STL,@,VEG,L,4,28,24,0.857,0,59.36666666666667
2024-25,b/binnijo01,10/15/2024,STL,,MIN,L,3,26,23,0.885,0,59.266666666666666
2024-25,b/binnijo01,10/22/2024,STL,,WPG,L,3,24,21,0.875,0,58.45
2024-25,b/binnijo01,10/24/2024,STL,@,TOR,W,1,41,40,0.976,0,60
2024-25,b/binnijo01,10/26/2024,STL,@,MTL,L,4,25,21,0.84,0,59.25
2024-25,b/binnijo01,10/29/2024,STL,@,OTT,,3,14,11,0.786,0,28.683333333333334
2024-25,b/binnijo01,10/31/2024,STL,@,PHI,L,2,21,19,0.905,0,57.6
2024-25,b/binnijo01,11/2/2024,STL,,TOR,W,2,37,35,0.946,0,59.65
2024-25,b/binnijo01,11/5/2024,STL,,TBL,W,2,23,21,0.913,0,60
2024-25,b/binnijo01,11/9/2024,STL,,WSH,L,8,27,19,0.704,0,60
2024-25,b/binnijo01,11/12/2024,STL,,BOS,L,3,30,27,0.9,0,58.45
2024-25,b/binnijo01,11/14/2024,STL,@,BUF,O,4,33,29,0.879,0,61.55
2024-25,b/binnijo01,11/16/2024,STL,@,BOS,W,2,18,16,0.889,0,62.88333333333333
2024-25,b/binnijo01,11/19/2024,STL,,MIN,L,3,27,24,0.889,0,59.5
2024-25,b/binnijo01,11/21/2024,STL,,SJS,W,2,24,22,0.917,0,65
2024-25,b/binnijo01,11/23/2024,STL,@,NYI,L,2,30,28,0.933,0,58.71666666666667
2024-25,b/binnijo01,11/27/2024,STL,@,NJD,W,0,32,32,1,1,60
2024-25,b/binnijo01,11/30/2024,STL,,PHI,O,3,31,28,0.903,0,59.65
2024-25,k/knighsp01,10/12/2024,FLA,@,BUF,L,4,26,22,0.846,0,58.15
2024-25,k/knighsp01,10/15/2024,FLA,@,CBJ,W,3,38,35,0.921,0,60
2024-25,k/knighsp01,10/22/2024,FLA,,MIN,,0,6,6,1,0,20
2024-25,k/knighsp01,10/26/2024,FLA,@,NYI,W,3,28,25,0.893,0,60
2024-25,k/knighsp01,11/2/2024,FLA,,DAL,W,2,25,23,0.92,0,59.56666666666667
2024-25,k/knighsp01,11/12/2024,FLA,,NJD,L,3,23,20,0.87,0,58.03333333333333
2024-25,k/knighsp01,11/21/2024,FLA,@,CHI,L,2,19,17,0.895,0,58.68333333333333
2024-25,k/knighsp01,11/25/2024,FLA,,WSH,L,2,29,27,0.931,0,58.5
2024-25,k/knighsp01,11/30/2024,FLA,,CAR,W,0,20,20,1,1,60
2024-25,k/knighsp01,12/3/2024,FLA,@,PIT,O,5,16,11,0.688,0,61.516666666666666
2024-25,s/sorokil01,10/14/2024,NYI,@,COL,W,2,34,32,0.941,0,59.86666666666667
2024-25,s/sorokil01,10/17/2024,NYI,@,STL,O,1,30,29,0.967,0,62.06666666666667
2024-25,s/sorokil01,10/22/2024,NYI,,DET,L,1,11,10,0.909,0,57.733333333333334
2024-25,s/sorokil01,10/25/2024,NYI,@,NJD,W,3,36,33,0.917,0,61.15
2024-25,s/sorokil01,10/29/2024,NYI,,ANA,L,2,21,19,0.905,0,59.083333333333336
2024-25,s/sorokil01,11/1/2024,NYI,@,BUF,W,3,35,32,0.914,0,60
2024-25,s/sorokil01,11/3/2024,NYI,@,NYR,L,4,39,35,0.897,0,59.516666666666666
2024-25,s/sorokil01,11/5/2024,NYI,,PIT,W,3,35,32,0.914,0,65
2024-25,s/sorokil01,11/9/2024,NYI,,NJD,O,4,33,29,0.879,0,62.583333333333336
2024-25,s/sorokil01,11/12/2024,NYI,@,EDM,O,4,42,38,0.905,0,61.75
2024-25,s/sorokil01,11/16/2024,NYI,@,SEA,L,3,27,24,0.889,0,58.63333333333333
2024-25,s/sorokil01,11/21/2024,NYI,@,DET,L,2,31,29,0.935,0,59.28333333333333
2024-25,s/sorokil01,11/23/2024,NYI,,STL,W,1,25,24,0.96,0,60
2024-25,s/sorokil01,11/27/2024,NYI,,BOS,L,5,20,15,0.75,0,57.53333333333333
2024-25,s/sorokil01,11/30/2024,NYI,,BUF,W,0,29,29,1,1,60
2024-25,s/sorokil01,12/3/2024,NYI,@,MTL,O,2,27,25,0.926,0,62.65
2024-25,w/wolljo01,10/24/2024,TOR,,STL,L,4,26,22,0.846,0,58.8
2024-25,w/wolljo01,10/31/2024,TOR,,SEA,W,1,25,24,0.96,0,59.7
2024-25,w/wolljo01,11/2/2024,TOR,@,STL,L,3,23,20,0.87,0,59.06666666666667
2024-25,w/wolljo01,11/9/2024,TOR,,MTL,W,1,21,20,0.952,0,60
2024-25,w/wolljo01,11/13/2024,TOR,@,WSH,W,3,27,24,0.889,0,62.9
2024-25,w/wolljo01,11/20/2024,TOR,,VEG,W,0,31,31,1,1,59.833333333333336
2024-25,w/wolljo01,11/24/2024,TOR,,UTA,W,2,26,24,0.923,0,59.81666666666667
2024-25,w/wolljo01,11/30/2024,TOR,@,TBL,W,3,41,38,0.927,0,59.7
2024-25,s/stolaan01,10/9/2024,TOR,@,MTL,L,1,27,26,0.963,0,57.233333333333334
2024-25,s/stolaan01,10/12/2024,TOR,,PIT,W,2,23,21,0.913,0,59.55
2024-25,s/stolaan01,10/16/2024,TOR,,LAK,W,2,34,32,0.941,0,60
2024-25,s/stolaan01,10/19/2024,TOR,,NYR,L,2,27,25,0.926,0,58.5
2024-25,s/stolaan01,10/21/2024,TOR,,TBL,W,2,34,32,0.941,0,59.583333333333336
2024-25,s/stolaan01,10/26/2024,TOR,@,BOS,O,4,34,30,0.882,0,61.81666666666667
2024-25,s/stolaan01,10/28/2024,TOR,@,WPG,W,4,23,19,0.826,0,60
2024-25,s/stolaan01,11/3/2024,TOR,@,MIN,O,2,33,31,0.939,0,62.233333333333334
2024-25,s/stolaan01,11/5/2024,TOR,,BOS,W,0,29,29,1,1,59.75
2024-25,s/stolaan01,11/8/2024,TOR,,DET,W,1,22,21,0.955,0,60
2024-25,s/stolaan01,11/12/2024,TOR,,OTT,L,3,41,38,0.927,0,56.45
2024-25,s/stolaan01,11/16/2024,TOR,,EDM,W,3,30,27,0.9,0,60.666666666666664
2024-25,s/stolaan01,11/27/2024,TOR,@,FLA,L,4,23,19,0.826,0,58.25
2024-25,s/stolaan01,12/2/2024,TOR,,CHI,W,1,28,27,0.964,0,60
2024-25,r/reimeja01,10/13/2024,ANA,@,VEG,L,3,32,29,0.906,0,60
2024-25,r/reimeja01,10/27/2024,ANA,@,NJD,L,6,34,28,0.824,0,60
2024-25,r/reimeja01,11/23/2024,BUF,@,SJS,W,2,33,31,0.939,0,59.95
2024-25,r/reimeja01,11/30/2024,BUF,@,NYI,L,2,19,17,0.895,0,57.28333333333333
2024-25,m/montesa01,10/9/2024,MTL,,TOR,W,0,48,48,1,1,60
2024-25,m/montesa01,10/12/2024,MTL,,OTT,W,1,25,24,0.96,0,60
2024-25,m/montesa01,10/14/2024,MTL,,PIT,L,5,29,24,0.828,0,57.3
2024-25,m/montesa01,10/17/2024,MTL,,LAK,L,3,31,28,0.903,0,58.083333333333336
2024-25,m/montesa01,10/22/2024,MTL,,NYR,L,4,10,6,0.6,0,11.083333333333334
2024-25,m/montesa01,10/26/2024,MTL,,STL,W,2,31,29,0.935,0,59.55
2024-25,m/montesa01,10/29/2024,MTL,,SEA,L,5,10,5,0.5,0,21
2024-25,m/montesa01,11/2/2024,MTL,@,PIT,L,2,23,21,0.913,0,58.25
2024-25,m/montesa01,11/5/2024,MTL,,CGY,O,3,35,32,0.914,0,60
2024-25,m/montesa01,11/7/2024,MTL,@,NJD,L,4,26,22,0.846,0,58.18333333333333
2024-25,m/montesa01,11/9/2024,MTL,@,TOR,L,4,27,23,0.852,0,60
2024-25,m/montesa01,11/11/2024,MTL,@,BUF,W,0,4,4,1,0,16.15
2024-25,m/montesa01,11/14/2024,MTL,@,MIN,L,2,27,25,0.926,0,58.35
2024-25,m/montesa01,11/16/2024,MTL,,CBJ,W,1,26,25,0.962,0,60
2024-25,m/montesa01,11/18/2024,MTL,,EDM,W,0,30,30,1,1,60
2024-25,m/montesa01,11/23/2024,MTL,,VEG,L,5,25,20,0.8,0,39.7
2024-25,m/montesa01,11/26/2024,MTL,,UTA,O,3,29,26,0.897,0,64.55
2024-25,m/montesa01,11/30/2024,MTL,@,NYR,L,4,28,24,0.857,0,59.65
2024-25,m/montesa01,12/3/2024,MTL,,NYI,W,1,31,30,0.968,0,62.43333333333333
2024-25,l/luukkuk01,10/4/2024,BUF,,NJD,L,3,22,19,0.864,0,59.083333333333336
2024-25,l/luukkuk01,10/10/2024,BUF,,LAK,L,2,22,20,0.909,0,58.28333333333333
2024-25,l/luukkuk01,10/16/2024,BUF,@,PIT,O,6,43,37,0.86,0,61.63333333333333
2024-25,l/luukkuk01,10/19/2024,BUF,@,CHI,W,2,37,35,0.946,0,60
2024-25,l/luukkuk01,10/22/2024,BUF,,DAL,W,2,30,28,0.933,0,60
2024-25,l/luukkuk01,10/26/2024,BUF,,DET,W,3,25,22,0.88,0,60
2024-25,l/luukkuk01,10/28/2024,BUF,,FLA,L,5,31,26,0.839,0,58.166666666666664
2024-25,l/luukkuk01,11/2/2024,BUF,@,DET,L,2,23,21,0.913,0,57.333333333333336
2024-25,l/luukkuk01,11/5/2024,BUF,,OTT,W,1,38,37,0.974,0,60
2024-25,l/luukkuk01,11/7/2024,BUF,@,NYR,W,1,26,25,0.962,0,60
2024-25,l/luukkuk01,11/9/2024,BUF,,CGY,W,2,26,24,0.923,0,65
2024-25,l/luukkuk01,11/11/2024,BUF,,MTL,,4,18,14,0.778,0,39.766666666666666
2024-25,l/luukkuk01,11/20/2024,BUF,@,LAK,W,0,23,23,1,1,59.8
2024-25,l/luukkuk01,11/22/2024,BUF,@,ANA,W,2,24,22,0.917,0,64
2024-25,l/luukkuk01,11/27/2024,BUF,,MIN,L,1,30,29,0.967,0,57.45
2024-25,l/luukkuk01,11/29/2024,BUF,,VAN,O,4,22,18,0.818,0,63.666666666666664
2024-25,l/luukkuk01,12/3/2024,BUF,,COL,L,5,41,36,0.878,0,58.733333333333334
2024-25,m/merzlel01,10/10/2024,CBJ,@,MIN,L,3,26,23,0.885,0,58.63333333333333
2024-25,m/merzlel01,10/15/2024,CBJ,,FLA,L,4,22,18,0.818,0,55.56666666666667
2024-25,m/merzlel01,10/28/2024,CBJ,,EDM,W,1,32,31,0.969,0,60
2024-25,m/merzlel01,10/30/2024,CBJ,,NYI,W,0,26,26,1,1,60
2024-25,m/merzlel01,11/1/2024,CBJ,,WPG,L,6,44,38,0.864,0,59.63333333333333
2024-25,m/merzlel01,11/5/2024,CBJ,@,SJS,O,2,27,25,0.926,0,62.85
2024-25,m/merzlel01,11/9/2024,CBJ,@,LAK,L,4,22,18,0.818,0,58.6
2024-25,m/merzlel01,11/12/2024,CBJ,@,SEA,L,4,32,28,0.875,0,59.516666666666666
2024-25,m/merzlel01,11/15/2024,CBJ,,PIT,W,2,23,21,0.913,0,59.75
2024-25,m/merzlel01,11/18/2024,CBJ,@,BOS,W,1,29,28,0.966,0,60
2024-25,m/merzlel01,11/21/2024,CBJ,,TBL,W,6,30,24,0.8,0,61.43333333333333
2024-25,m/merzlel01,11/23/2024,CBJ,,CAR,W,4,36,32,0.889,0,64.53333333333333
2024-25,m/merzlel01,11/27/2024,CBJ,,MTL,O,4,23,19,0.826,0,59.266666666666666
2024-25,m/merzlel01,11/29/2024,CBJ,,CGY,W,2,29,27,0.931,0,60
2024-25,m/merzlel01,12/1/2024,CBJ,@,CHI,W,3,31,28,0.903,0,60
2024-25,m/merzlel01,12/3/2024,CBJ,@,CGY,L,2,21,19,0.905,0,58.93333333333333
2024-25,m/minertr01,11/15/2024,COL,,WSH,,1,13,12,0.923,0,34.96666666666667
2024-25,p/pickaca01,10/9/2024,EDM,,WPG,,1,7,6,0.857,0,28.866666666666667
2024-25,p/pickaca01,10/12/2024,EDM,,CHI,L,5,20,15,0.75,0,57.53333333333333
2024-25,p/pickaca01,10/17/2024,EDM,@,NSH,W,2,27,25,0.926,0,59.9
2024-25,p/pickaca01,10/27/2024,EDM,@,DET,W,2,26,24,0.923,0,60.233333333333334
2024-25,p/pickaca01,10/31/2024,EDM,@,NSH,W,1,27,26,0.963,0,60
2024-25,p/pickaca01,11/4/2024,EDM,,NJD,L,3,16,13,0.813,0,56.93333333333333
2024-25,p/pickaca01,11/14/2024,EDM,,NSH,W,2,22,20,0.909,0,61.483333333333334
2024-25,p/pickaca01,11/18/2024,EDM,@,MTL,L,2,24,22,0.917,0,57.46666666666667
2024-25,p/pickaca01,11/29/2024,EDM,@,UTA,W,3,31,28,0.903,0,61.3
2024-25,h/hoferjo01,10/10/2024,STL,@,SJS,W,4,29,25,0.862,0,59.03333333333333
2024-25,h/hoferjo01,10/17/2024,STL,,NYI,W,0,34,34,1,1,62.06666666666667
2024-25,h/hoferjo01,10/19/2024,STL,,CAR,W,3,40,37,0.925,0,60
2024-25,h/hoferjo01,10/29/2024,STL,@,OTT,L,5,21,16,0.762,0,31.133333333333333
2024-25,h/hoferjo01,11/7/2024,STL,,UTA,L,3,30,27,0.9,0,58.15
2024-25,h/hoferjo01,11/17/2024,STL,@,CAR,L,4,24,20,0.833,0,60
2024-25,h/hoferjo01,11/25/2024,STL,@,NYR,W,2,29,27,0.931,0,60
2024-25,h/hoferjo01,12/3/2024,STL,@,WPG,W,1,23,22,0.957,0,60
2024-25,w/wolfdu01,10/12/2024,CGY,,PHI,W,3,40,37,0.925,0,59.05
2024-25,w/wolfdu01,10/15/2024,CGY,,CHI,W,1,32,31,0.969,0,59.53333333333333
2024-25,w/wolfdu01,10/22/2024,CGY,,PIT,W,3,38,35,0.921,0,63.916666666666664
2024-25,w/wolfdu01,10/26/2024,CGY,,WPG,L,4,34,30,0.882,0,58.45
2024-25,w/wolfdu01,10/30/2024,CGY,@,UTA,L,5,28,23,0.821,0,60
2024-25,w/wolfdu01,11/5/2024,CGY,@,MTL,W,2,24,22,0.917,0,60.11666666666667
2024-25,w/wolfdu01,11/7/2024,CGY,@,BOS,O,4,38,34,0.895,0,64.6
2024-25,w/wolfdu01,11/11/2024,CGY,,LAK,W,1,29,28,0.966,0,59.95
2024-25,w/wolfdu01,11/15/2024,CGY,,NSH,W,0,29,29,1,1,60
2024-25,w/wolfdu01,11/19/2024,CGY,,NYI,W,1,29,28,0.966,0,65
2024-25,w/wolfdu01,11/21/2024,CGY,,NYR,W,2,29,27,0.931,0,60
2024-25,w/wolfdu01,11/25/2024,CGY,@,OTT,L,4,30,26,0.867,0,56.96666666666667
2024-25,w/wolfdu01,11/29/2024,CGY,@,CBJ,L,4,33,29,0.879,0,58.55
2024-25,m/martisp01,11/9/2024,CAR,@,COL,L,5,28,23,0.821,0,58.38333333333333
2024-25,m/martisp01,11/13/2024,CAR,@,UTA,,1,3,2,0.667,0,10.916666666666666
2024-25,m/martisp01,11/16/2024,CAR,,OTT,W,0,24,24,1,1,59.233333333333334
2024-25,m/martisp01,11/21/2024,CAR,@,NJD,L,4,21,17,0.81,0,56.35
2024-25,m/martisp01,11/23/2024,CAR,@,CBJ,O,0,1,1,1,0,2.1333333333333333
2024-25,m/martisp01,11/25/2024,CAR,,DAL,W,4,19,15,0.789,0,60
2024-25,m/martisp01,11/27/2024,CAR,,NYR,W,3,22,19,0.864,0,59.43333333333333
2024-25,m/martisp01,11/29/2024,CAR,,FLA,L,5,29,24,0.828,0,57.733333333333334
2024-25,m/martisp01,11/30/2024,CAR,@,FLA,L,5,28,23,0.821,0,51.8
2024-25,k/kuempda01,10/10/2024,LAK,@,BUF,W,1,33,32,0.97,0,59.6
2024-25,k/kuempda01,10/12/2024,LAK,@,BOS,O,2,26,24,0.923,0,63.11666666666667
2024-25,k/kuempda01,10/14/2024,LAK,@,OTT,O,8,41,33,0.805,0,60.916666666666664
2024-25,k/kuempda01,10/26/2024,LAK,,UTA,W,2,26,24,0.923,0,60
2024-25,k/kuempda01,10/30/2024,LAK,,VEG,W,3,26,23,0.885,0,60
2024-25,k/kuempda01,11/2/2024,LAK,,CHI,O,3,21,18,0.857,0,63.5
2024-25,k/kuempda01,11/4/2024,LAK,@,NSH,W,0,16,16,1,1,60
2024-25,k/kuempda01,11/7/2024,LAK,,VAN,L,3,22,19,0.864,0,58.016666666666666
2024-25,k/kuempda01,11/11/2024,LAK,@,CGY,L,2,27,25,0.926,0,57.983333333333334
2024-25,k/kuempda01,11/13/2024,LAK,@,COL,,2,20,18,0.9,0,44.53333333333333
2024-25,v/vanecvi01,10/12/2024,SJS,,ANA,L,1,29,28,0.966,0,57.983333333333334
2024-25,v/vanecvi01,10/17/2024,SJS,@,CHI,L,4,27,23,0.852,0,56.18333333333333
2024-25,v/vanecvi01,10/18/2024,SJS,@,WPG,,3,18,15,0.833,0,38.233333333333334
2024-25,v/vanecvi01,10/20/2024,SJS,,COL,L,3,21,18,0.857,0,57.6
2024-25,v/vanecvi01,10/26/2024,SJS,@,VEG,L,7,42,35,0.833,0,60
2024-25,v/vanecvi01,10/29/2024,SJS,,LAK,W,2,28,26,0.929,0,59.13333333333333
2024-25,v/vanecvi01,11/5/2024,SJS,,CBJ,W,1,50,49,0.98,0,63.05
2024-25,v/vanecvi01,11/7/2024,SJS,,MIN,L,4,30,26,0.867,0,59.28333333333333
2024-25,v/vanecvi01,11/11/2024,SJS,@,PHI,O,3,43,40,0.93,0,65
2024-25,v/vanecvi01,11/16/2024,SJS,@,PIT,,2,10,8,0.8,0,20
2024-25,v/vanecvi01,11/29/2024,SJS,,SEA,W,5,31,26,0.839,0,60
2024-25,h/hildede01,10/10/2024,TOR,@,NJD,W,2,23,21,0.913,0,59.483333333333334
2024-25,h/hildede01,10/22/2024,TOR,@,CBJ,L,6,38,32,0.842,0,59.68333333333333
2024-25,d/daccojo01,10/12/2024,SEA,@,MIN,W,4,38,34,0.895,0,64.75
2024-25,d/daccojo01,10/15/2024,SEA,@,NSH,W,3,33,30,0.909,0,59.766666666666666
2024-25,d/daccojo01,10/19/2024,SEA,,CGY,W,1,22,21,0.955,0,60.35
2024-25,d/daccojo01,10/24/2024,SEA,,WPG,O,4,36,32,0.889,0,61.1
2024-25,d/daccojo01,10/26/2024,SEA,,CAR,L,3,38,35,0.921,0,59.18333333333333
2024-25,d/daccojo01,10/29/2024,SEA,@,MTL,W,2,30,28,0.933,0,59.666666666666664
2024-25,d/daccojo01,10/31/2024,SEA,@,TOR,L,3,29,26,0.897,0,56.45
2024-25,d/daccojo01,11/3/2024,SEA,@,BOS,L,2,33,31,0.939,0,56.516666666666666
2024-25,d/daccojo01,11/8/2024,SEA,,VEG,W,3,24,21,0.875,0,60.483333333333334
2024-25,d/daccojo01,11/12/2024,SEA,,CBJ,W,2,40,38,0.95,0,60
2024-25,d/daccojo01,11/14/2024,SEA,,CHI,W,1,19,18,0.947,0,60
2024-25,d/daccojo01,11/16/2024,SEA,,NYI,W,2,24,22,0.917,0,60
2024-25,d/daccojo01,11/20/2024,SEA,,NSH,W,0,24,24,1,1,60
2024-25,d/daccojo01,11/23/2024,SEA,@,LAK,L,2,21,19,0.905,0,56.63333333333333
2024-25,d/daccojo01,11/25/2024,SEA,@,ANA,W,2,23,21,0.913,0,59.46666666666667
2024-25,d/daccojo01,11/27/2024,SEA,,ANA,L,5,33,28,0.848,0,55.05
2024-25,d/daccojo01,11/30/2024,SEA,,SJS,L,4,23,19,0.826,0,56.666666666666664
2024-25,d/daccojo01,12/3/2024,SEA,@,CAR,W,2,19,17,0.895,0,60
2024-25,b/blackma01,10/10/2024,SJS,,STL,O,5,40,35,0.875,0,60.75
2024-25,b/blackma01,10/15/2024,SJS,@,DAL,O,2,38,36,0.947,0,65
2024-25,b/blackma01,10/18/2024,SJS,@,WPG,L,5,18,13,0.722,0,21.766666666666666
2024-25,b/blackma01,10/22/2024,SJS,@,ANA,L,2,39,37,0.949,0,57.833333333333336
2024-25,b/blackma01,10/24/2024,SJS,@,LAK,L,3,30,27,0.9,0,57.733333333333334
2024-25,b/blackma01,10/28/2024,SJS,@,UTA,W,4,23,19,0.826,0,60.75
2024-25,b/blackma01,10/31/2024,SJS,,CHI,W,2,29,27,0.931,0,60
2024-25,b/blackma01,11/2/2024,SJS,,VAN,L,3,28,25,0.893,0,58.86666666666667
2024-25,b/blackma01,11/10/2024,SJS,@,NJD,W,0,44,44,1,1,59.95
2024-25,b/blackma01,11/14/2024,SJS,@,NYR,L,3,35,32,0.914,0,56.96666666666667
2024-25,b/blackma01,11/16/2024,SJS,@,PIT,O,1,26,25,0.962,0,45
2024-25,b/blackma01,11/18/2024,SJS,,DET,W,4,20,16,0.8,0,60.56666666666667
2024-25,b/blackma01,11/20/2024,SJS,@,DAL,L,3,29,26,0.897,0,58.583333333333336
2024-25,b/blackma01,11/23/2024,SJS,,BUF,L,3,30,27,0.9,0,59.166666666666664
2024-25,b/blackma01,11/27/2024,SJS,,OTT,L,4,11,7,0.636,0,57.9
2024-25,b/blackma01,11/30/2024,SJS,@,SEA,W,2,38,36,0.947,0,60
2024-25,b/blackma01,12/3/2024,SJS,@,WSH,W,1,28,27,0.964,0,59.96666666666667
2024-25,a/annunju01,10/9/2024,COL,@,VEG,,2,4,2,0.5,0,15.266666666666667
2024-25,a/annunju01,10/12/2024,COL,,CBJ,L,2,13,11,0.846,0,35.88333333333333
2024-25,a/annunju01,10/20/2024,COL,@,SJS,W,1,26,25,0.962,0,60
2024-25,a/annunju01,10/22/2024,COL,@,SEA,W,2,27,25,0.926,0,60
2024-25,a/annunju01,10/24/2024,COL,@,UTA,W,1,26,25,0.962,0,59.81666666666667
2024-25,a/annunju01,10/27/2024,COL,,OTT,W,4,30,26,0.867,0,59.56666666666667
2024-25,a/annunju01,11/2/2024,COL,@,NSH,L,3,24,21,0.875,0,58.36666666666667
2024-25,a/annunju01,11/5/2024,COL,,SEA,W,3,20,17,0.85,0,60
2024-25,a/annunju01,11/15/2024,COL,,WSH,L,3,6,3,0.5,0,21.883333333333333
2024-25,a/annunju01,11/18/2024,COL,@,PHI,W,2,26,24,0.923,0,60
2024-25,a/annunju01,11/25/2024,COL,@,TBL,L,5,16,11,0.688,0,30.05
2024-25,s/skinnst01,10/9/2024,EDM,,WPG,L,5,13,8,0.615,0,31.133333333333333
2024-25,s/skinnst01,10/13/2024,EDM,,CGY,L,3,28,25,0.893,0,57.81666666666667
2024-25,s/skinnst01,10/15/2024,EDM,,PHI,W,3,30,27,0.9,0,60.53333333333333
2024-25,s/skinnst01,10/19/2024,EDM,@,DAL,L,3,23,20,0.87,0,58.85
2024-25,s/skinnst01,10/22/2024,EDM,,CAR,O,3,33,30,0.909,0,64.73333333333333
2024-25,s/skinnst01,10/25/2024,EDM,,PIT,W,0,27,27,1,1,60
2024-25,s/skinnst01,10/28/2024,EDM,@,CBJ,L,6,25,19,0.76,0,60
2024-25,s/skinnst01,11/3/2024,EDM,@,CGY,W,2,31,29,0.935,0,60
2024-25,s/skinnst01,11/6/2024,EDM,,VEG,L,3,34,31,0.912,0,59.333333333333336
2024-25,s/skinnst01,11/9/2024,EDM,@,VAN,W,3,20,17,0.85,0,60
2024-25,s/skinnst01,11/12/2024,EDM,,NYI,W,3,22,19,0.864,0,61.85
2024-25,s/skinnst01,11/16/2024,EDM,@,TOR,O,4,22,18,0.818,0,60.06666666666667
2024-25,s/skinnst01,11/19/2024,EDM,@,OTT,W,2,29,27,0.931,0,60
2024-25,s/skinnst01,11/21/2024,EDM,,MIN,L,5,26,21,0.808,0,57.53333333333333
2024-25,s/skinnst01,11/23/2024,EDM,,NYR,W,2,34,32,0.941,0,60
2024-25,s/skinnst01,11/30/2024,EDM,@,COL,W,1,28,27,0.964,0,60
2024-25,s/skinnst01,12/3/2024,EDM,@,VEG,L,1,16,15,0.938,0,57.266666666666666
2024-25,k/korpijo01,10/8/2024,BOS,@,FLA,L,6,35,29,0.829,0,58.18333333333333
2024-25,k/korpijo01,10/16/2024,BOS,@,COL,W,3,25,22,0.88,0,60
2024-25,k/korpijo01,10/29/2024,BOS,,PHI,L,1,18,17,0.944,0,58.4
2024-25,k/korpijo01,10/31/2024,BOS,@,CAR,,2,15,13,0.867,0,30.466666666666665
2024-25,k/korpijo01,11/2/2024,BOS,@,PHI,W,0,20,20,1,1,59.81666666666667
2024-25,k/korpijo01,11/7/2024,BOS,,CGY,W,3,37,34,0.919,0,64.58333333333333
2024-25,k/korpijo01,11/16/2024,BOS,,STL,O,3,31,28,0.903,0,62.88333333333333
2024-25,k/korpijo01,11/21/2024,BOS,,UTA,W,0,22,22,1,1,60
2024-25,k/korpijo01,11/27/2024,BOS,@,NYI,W,3,24,21,0.875,0,60
2024-25,k/korpijo01,12/3/2024,BOS,,DET,W,2,26,24,0.923,0,61.88333333333333
2024-25,g/gustafi01,10/10/2024,MIN,,CBJ,W,2,33,31,0.939,0,60
2024-25,g/gustafi01,10/13/2024,MIN,@,WPG,O,2,35,33,0.943,0,60.85
2024-25,g/gustafi01,10/15/2024,MIN,@,STL,W,1,28,27,0.964,0,60
2024-25,g/gustafi01,10/19/2024,MIN,@,CBJ,W,1,24,23,0.958,0,60
2024-25,g/gustafi01,10/22/2024,MIN,@,FLA,W,1,25,24,0.96,0,60
2024-25,g/gustafi01,10/26/2024,MIN,@,PHI,L,6,22,16,0.727,0,58.266666666666666
2024-25,g/gustafi01,11/1/2024,MIN,,TBL,W,3,30,27,0.9,0,60
2024-25,g/gustafi01,11/3/2024,MIN,,TOR,W,1,28,27,0.964,0,61.833333333333336
2024-25,g/gustafi01,11/5/2024,MIN,,LAK,L,4,27,23,0.852,0,59.53333333333333
2024-25,g/gustafi01,11/8/2024,MIN,@,ANA,W,2,35,33,0.943,0,59.766666666666666
2024-25,g/gustafi01,11/10/2024,MIN,@,CHI,O,2,22,20,0.909,0,61.63333333333333
2024-25,g/gustafi01,11/14/2024,MIN,,MTL,W,0,19,19,1,1,59.81666666666667
2024-25,g/gustafi01,11/16/2024,MIN,,DAL,L,2,40,38,0.95,0,57.71666666666667
2024-25,g/gustafi01,11/19/2024,MIN,@,STL,W,2,24,22,0.917,0,60
2024-25,g/gustafi01,11/23/2024,MIN,@,CGY,O,3,31,28,0.903,0,63.36666666666667
2024-25,g/gustafi01,11/25/2024,MIN,,WPG,L,3,31,28,0.903,0,58.733333333333334
2024-25,g/gustafi01,11/27/2024,MIN,@,BUF,W,0,39,39,1,1,60
2024-25,g/gustafi01,11/30/2024,MIN,,NSH,W,2,27,25,0.926,0,61
2024-25,g/gustafi01,12/3/2024,MIN,,VAN,W,2,32,30,0.938,0,64.6
2024-25,s/sogaama01,10/14/2024,OTT,,LAK,W,4,17,13,0.765,0,34.483333333333334
2024-25,s/silovar01,10/9/2024,VAN,,CGY,O,6,26,20,0.769,0,60.61666666666667
2024-25,s/silovar01,10/15/2024,VAN,@,TBL,L,3,26,23,0.885,0,59.35
2024-25,s/silovar01,10/30/2024,VAN,,NJD,L,6,22,16,0.727,0,59.96666666666667
2024-25,s/silovar01,11/9/2024,VAN,,EDM,,0,4,4,1,0,8.916666666666666
2024-25,s/silovar01,11/16/2024,VAN,,CHI,W,1,29,28,0.966,0,60
2024-25,s/silovar01,11/19/2024,VAN,,NYR,L,4,33,29,0.879,0,58.35
2024-25,s/silovar01,11/27/2024,VAN,@,PIT,L,5,23,18,0.783,0,57.8
2024-25,g/grubaph01,10/8/2024,SEA,,STL,L,3,25,22,0.88,0,58.3
2024-25,g/grubaph01,10/13/2024,SEA,@,DAL,L,2,23,21,0.913,0,57.666666666666664
2024-25,g/grubaph01,10/17/2024,SEA,,PHI,W,4,25,21,0.84,0,59.75
2024-25,g/grubaph01,10/22/2024,SEA,,COL,L,3,28,25,0.893,0,56.65
2024-25,g/grubaph01,11/2/2024,SEA,@,OTT,L,2,22,20,0.909,0,58.1
2024-25,g/grubaph01,11/5/2024,SEA,@,COL,L,5,31,26,0.839,0,58.05
2024-25,g/grubaph01,11/17/2024,SEA,,NYR,L,2,23,21,0.913,0,56.46666666666667
2024-25,g/grubaph01,11/29/2024,SEA,@,SJS,L,7,26,19,0.731,0,59.483333333333334
2024-25,s/soderar01,10/11/2024,CHI,@,WPG,O,2,35,33,0.943,0,60.63333333333333
2024-25,s/soderar01,10/19/2024,CHI,,BUF,L,3,21,18,0.857,0,58.25
2024-25,s/soderar01,11/3/2024,CHI,@,ANA,W,2,40,38,0.95,0,59.93333333333333
2024-25,s/soderar01,11/7/2024,CHI,@,DAL,L,2,39,37,0.949,0,59.45
2024-25,s/soderar01,11/16/2024,CHI,@,VAN,L,2,31,29,0.935,0,58.93333333333333
2024-25,s/soderar01,11/19/2024,CHI,,ANA,L,3,24,21,0.875,0,58.18333333333333
2024-25,s/soderar01,12/2/2024,CHI,@,TOR,L,3,21,18,0.857,0,59.28333333333333
2024-25,j/jarrytr01,10/9/2024,PIT,,NYR,L,6,40,34,0.85,0,60
2024-25,j/jarrytr01,10/14/2024,PIT,@,MTL,W,3,28,25,0.893,0,60
2024-25,j/jarrytr01,10/16/2024,PIT,,BUF,,3,5,2,0.4,0,11.55
2024-25,j/jarrytr01,11/15/2024,PIT,@,CBJ,L,5,38,33,0.868,0,58.63333333333333
2024-25,j/jarrytr01,11/19/2024,PIT,,TBL,O,3,35,32,0.914,0,63.96666666666667
2024-25,j/jarrytr01,11/22/2024,PIT,,WPG,L,3,29,26,0.897,0,59.05
2024-25,j/jarrytr01,11/27/2024,PIT,,VAN,W,4,29,25,0.862,0,60
2024-25,j/jarrytr01,11/29/2024,PIT,@,BOS,W,1,31,30,0.968,0,59.916666666666664
2024-25,j/jarrytr01,12/3/2024,PIT,,FLA,W,4,41,37,0.902,0,61.516666666666666
2024-25,m/marksja02,10/4/2024,NJD,@,BUF,W,1,31,30,0.968,0,59.63333333333333
2024-25,m/marksja02,10/10/2024,NJD,,TOR,L,4,22,18,0.818,0,58.1
2024-25,m/marksja02,10/12/2024,NJD,@,WSH,W,3,32,29,0.906,0,59.516666666666666
2024-25,m/marksja02,10/15/2024,NJD,@,CAR,L,3,30,27,0.9,0,59.46666666666667
2024-25,m/marksja02,10/17/2024,NJD,@,OTT,W,1,31,30,0.968,0,60
2024-25,m/marksja02,10/19/2024,NJD,,WSH,O,6,37,31,0.838,0,64
2024-25,m/marksja02,10/24/2024,NJD,@,DET,L,4,19,15,0.789,0,58.36666666666667
2024-25,m/marksja02,10/27/2024,NJD,,ANA,W,2,26,24,0.923,0,59.4
2024-25,m/marksja02,10/30/2024,NJD,@,VAN,W,0,20,20,1,1,59.583333333333336
2024-25,m/marksja02,11/1/2024,NJD,@,CGY,L,2,31,29,0.935,0,58.4
2024-25,m/marksja02,11/7/2024,NJD,,MTL,W,3,24,21,0.875,0,59.85
2024-25,m/marksja02,11/9/2024,NJD,@,NYI,W,3,22,19,0.864,0,62.11666666666667
2024-25,m/marksja02,11/12/2024,NJD,@,FLA,W,1,35,34,0.971,0,60
2024-25,m/marksja02,11/16/2024,NJD,@,TBL,L,3,26,23,0.885,0,57.96666666666667
2024-25,m/marksja02,11/21/2024,NJD,,CAR,W,2,22,20,0.909,0,59.65
2024-25,m/marksja02,11/25/2024,NJD,,NSH,W,2,22,20,0.909,0,60
2024-25,m/marksja02,11/27/2024,NJD,,STL,L,3,20,17,0.85,0,59.88333333333333
2024-25,m/marksja02,11/29/2024,NJD,@,DET,W,4,28,24,0.857,0,60
2024-25,m/marksja02,12/2/2024,NJD,@,NYR,W,1,39,38,0.974,0,60
2024-25,p/primeca01,10/10/2024,MTL,@,BOS,L,6,29,23,0.793,0,57.18333333333333
2024-25,p/primeca01,10/19/2024,MTL,@,NYI,O,3,36,33,0.917,0,65
2024-25,p/primeca01,10/22/2024,MTL,,NYR,,3,35,32,0.914,0,48.916666666666664
2024-25,p/primeca01,10/27/2024,MTL,@,PHI,W,3,26,23,0.885,0,60
2024-25,p/primeca01,10/29/2024,MTL,,SEA,,3,13,10,0.769,0,37.38333333333333
2024-25,p/primeca01,10/31/2024,MTL,@,WSH,L,6,34,28,0.824,0,60
2024-25,p/primeca01,11/11/2024,MTL,@,BUF,,5,14,9,0.643,0,43.71666666666667
2024-25,p/primeca01,11/23/2024,MTL,,VEG,,1,3,2,0.667,0,20
2024-25,p/primeca01,11/27/2024,MTL,@,CBJ,W,3,24,21,0.875,0,60.71666666666667
2024-25,p/primeca01,12/1/2024,MTL,@,BOS,L,5,29,24,0.828,0,59.46666666666667
2024-25,o/oettija01,10/10/2024,DAL,@,NSH,W,3,36,33,0.917,0,59.31666666666667
2024-25,o/oettija01,10/12/2024,DAL,,NYI,W,0,34,34,1,1,60
2024-25,o/oettija01,10/15/2024,DAL,,SJS,W,2,27,25,0.926,0,64.53333333333333
2024-25,o/oettija01,10/19/2024,DAL,,EDM,W,1,31,30,0.968,0,60
2024-25,o/oettija01,10/22/2024,DAL,@,BUF,L,3,24,21,0.875,0,54.5
2024-25,o/oettija01,10/26/2024,DAL,,CHI,W,2,24,22,0.917,0,59.916666666666664
2024-25,o/oettija01,11/1/2024,DAL,,FLA,L,6,28,22,0.786,0,60
2024-25,o/oettija01,11/7/2024,DAL,,CHI,W,1,26,25,0.962,0,59.46666666666667
2024-25,o/oettija01,11/9/2024,DAL,@,WPG,L,4,15,11,0.733,0,29.35
2024-25,o/oettija01,11/11/2024,DAL,@,PIT,W,1,21,20,0.952,0,59.5
2024-25,o/oettija01,11/14/2024,DAL,,BOS,W,2,25,23,0.92,0,60
2024-25,o/oettija01,11/16/2024,DAL,@,MIN,W,1,23,22,0.957,0,60
2024-25,o/oettija01,11/20/2024,DAL,,SJS,W,2,23,21,0.913,0,59.93333333333333
2024-25,o/oettija01,11/23/2024,DAL,@,TBL,W,2,29,27,0.931,0,60
2024-25,o/oettija01,11/25/2024,DAL,@,CAR,L,5,33,28,0.848,0,58.516666666666666
2024-25,o/oettija01,11/29/2024,DAL,,COL,W,3,32,29,0.906,0,60
2024-25,o/oettija01,12/1/2024,DAL,,WPG,W,1,27,26,0.963,0,60
2024-25,k/kochepy01,10/15/2024,CAR,,NJD,W,2,26,24,0.923,0,60
2024-25,k/kochepy01,10/19/2024,CAR,@,STL,L,4,19,15,0.789,0,57.93333333333333
2024-25,k/kochepy01,10/24/2024,CAR,@,CGY,W,2,32,30,0.938,0,60
2024-25,k/kochepy01,10/28/2024,CAR,@,VAN,W,3,27,24,0.889,0,60.7
2024-25,k/kochepy01,10/31/2024,CAR,,BOS,W,2,15,13,0.867,0,59.88333333333333
2024-25,k/kochepy01,11/3/2024,CAR,,WSH,W,2,21,19,0.905,0,60
2024-25,k/kochepy01,11/5/2024,CAR,,PHI,W,4,16,12,0.75,0,60
2024-25,k/kochepy01,11/7/2024,CAR,,PIT,W,1,36,35,0.972,0,60
2024-25,k/kochepy01,11/11/2024,CAR,@,VEG,W,2,32,30,0.938,0,60
2024-25,k/kochepy01,11/13/2024,CAR,@,UTA,L,3,18,15,0.833,0,46.75
2024-25,k/kochepy01,11/17/2024,CAR,,STL,W,1,30,29,0.967,0,59.96666666666667
2024-25,k/kochepy01,11/20/2024,CAR,@,PHI,W,1,19,18,0.947,0,60
2024-25,k/kochepy01,11/23/2024,CAR,@,CBJ,,4,31,27,0.871,0,62.166666666666664
2024-25,k/kochepy01,12/3/2024,CAR,,SEA,L,4,28,24,0.857,0,57.25
2024-25,m/mrazepe01,10/8/2024,CHI,@,UTA,L,4,26,22,0.846,0,58.7
2024-25,m/mrazepe01,10/12/2024,CHI,@,EDM,W,2,38,36,0.947,0,60
2024-25,m/mrazepe01,10/15/2024,CHI,@,CGY,L,2,26,24,0.923,0,58.31666666666667
2024-25,m/mrazepe01,10/17/2024,CHI,,SJS,W,2,22,20,0.909,0,59.93333333333333
2024-25,m/mrazepe01,10/22/2024,CHI,,VAN,L,6,30,24,0.8,0,59.71666666666667
2024-25,m/mrazepe01,10/25/2024,CHI,,NSH,L,3,34,31,0.912,0,57.983333333333334
2024-25,m/mrazepe01,10/26/2024,CHI,@,DAL,L,3,29,26,0.897,0,58.38333333333333
2024-25,m/mrazepe01,10/28/2024,CHI,@,COL,W,2,26,24,0.923,0,60
2024-25,m/mrazepe01,10/31/2024,CHI,@,SJS,L,3,29,26,0.897,0,58.68333333333333
2024-25,m/mrazepe01,11/2/2024,CHI,@,LAK,W,3,40,37,0.925,0,63.46666666666667
2024-25,m/mrazepe01,11/6/2024,CHI,,DET,L,3,24,21,0.875,0,59.7
2024-25,m/mrazepe01,11/10/2024,CHI,,MIN,W,1,33,32,0.97,0,61.833333333333336
2024-25,m/mrazepe01,11/14/2024,CHI,@,SEA,L,2,25,23,0.92,0,58.68333333333333
2024-25,m/mrazepe01,11/21/2024,CHI,,FLA,W,1,33,32,0.97,0,60
2024-25,m/mrazepe01,11/23/2024,CHI,@,PHI,O,3,37,34,0.919,0,61.03333333333333
2024-25,m/mrazepe01,11/27/2024,CHI,,DAL,W,2,27,25,0.926,0,60
2024-25,m/mrazepe01,11/29/2024,CHI,@,MIN,L,3,29,26,0.897,0,58.516666666666666
2024-25,m/mrazepe01,12/1/2024,CHI,,CBJ,L,5,35,30,0.857,0,59.166666666666664
2024-25,l/lindgch01,10/12/2024,WSH,,NJD,L,4,32,28,0.875,0,57.666666666666664
2024-25,l/lindgch01,10/17/2024,WSH,,DAL,W,2,24,22,0.917,0,60
2024-25,l/lindgch01,10/22/2024,WSH,@,PHI,W,1,18,17,0.944,0,60
2024-25,l/lindgch01,10/26/2024,WSH,@,TBL,L,3,21,18,0.857,0,60
2024-25,l/lindgch01,10/31/2024,WSH,,MTL,W,3,15,12,0.8,0,59.766666666666666
2024-25,l/lindgch01,11/3/2024,WSH,@,CAR,L,3,44,41,0.932,0,58.68333333333333
2024-25,l/lindgch01,11/8/2024,WSH,,PIT,L,3,31,28,0.903,0,57.266666666666666
2024-25,l/lindgch01,11/15/2024,WSH,@,COL,W,2,19,17,0.895,0,60
2024-25,l/lindgch01,11/18/2024,WSH,@,UTA,W,2,26,24,0.923,0,60
2024-25,l/lindgch01,11/23/2024,WSH,,NJD,L,3,33,30,0.909,0,58.266666666666666
2024-25,l/lindgch01,11/27/2024,WSH,@,TBL,W,4,28,24,0.857,0,59.78333333333333
2024-25,l/lindgch01,11/30/2024,WSH,@,NJD,W,5,27,22,0.815,0,60
2024-25,h/hillad01,10/9/2024,VEG,,COL,W,4,32,28,0.875,0,60
2024-25,h/hillad01,10/11/2024,VEG,,STL,W,3,22,19,0.864,0,60
2024-25,h/hillad01,10/15/2024,VEG,@,WSH,L,4,22,18,0.818,0,57.43333333333333
2024-25,h/hillad01,10/17/2024,VEG,@,TBL,L,4,25,21,0.84,0,58.71666666666667
2024-25,h/hillad01,10/25/2024,VEG,,OTT,W,4,39,35,0.897,0,60
2024-25,h/hillad01,10/28/2024,VEG,,CGY,W,0,16,16,1,1,60
2024-25,h/hillad01,11/2/2024,VEG,,UTA,W,3,19,16,0.842,0,62.25
2024-25,h/hillad01,11/6/2024,VEG,@,EDM,W,2,29,27,0.931,0,60
2024-25,h/hillad01,11/8/2024,VEG,@,SEA,O,4,32,28,0.875,0,58.416666666666664
2024-25,h/hillad01,11/11/2024,VEG,,CAR,L,4,21,17,0.81,0,26.216666666666665
2024-25,h/hillad01,11/13/2024,VEG,@,ANA,W,2,24,22,0.917,0,60
2024-25,h/hillad01,11/15/2024,VEG,@,UTA,W,2,32,30,0.938,0,59.766666666666666
2024-25,h/hillad01,11/20/2024,VEG,@,TOR,L,2,25,23,0.92,0,59.78333333333333
2024-25,h/hillad01,11/23/2024,VEG,@,MTL,W,2,17,15,0.882,0,60
2024-25,h/hillad01,11/27/2024,VEG,@,COL,O,1,34,33,0.971,0,65
2024-25,h/hillad01,11/29/2024,VEG,,WPG,W,3,25,22,0.88,0,60
2024-25,h/hillad01,12/3/2024,VEG,,EDM,W,0,28,28,1,1,60
2024-25,u/ullmali01,10/10/2024,OTT,,FLA,W,1,32,31,0.969,0,60
2024-25,u/ullmali01,10/12/2024,OTT,@,MTL,L,4,26,22,0.846,0,56.35
2024-25,u/ullmali01,10/25/2024,OTT,@,VEG,L,5,27,22,0.815,0,58.233333333333334
2024-25,u/ullmali01,10/27/2024,OTT,@,COL,,0,2,2,1,0,4.766666666666667
2024-25,u/ullmali01,10/29/2024,OTT,,STL,W,1,27,26,0.963,0,60
2024-25,u/ullmali01,11/1/2024,OTT,@,NYR,L,2,18,16,0.889,0,58.55
2024-25,u/ullmali01,11/5/2024,OTT,@,BUF,L,5,34,29,0.853,0,60
2024-25,u/ullmali01,11/9/2024,OTT,@,BOS,W,2,16,14,0.875,0,60.35
2024-25,u/ullmali01,11/12/2024,OTT,@,TOR,W,0,27,27,1,1,60
2024-25,u/ullmali01,11/14/2024,OTT,,PHI,O,5,19,14,0.737,0,63.733333333333334
2024-25,u/ullmali01,11/19/2024,OTT,,EDM,L,5,31,26,0.839,0,60
2024-25,u/ullmali01,11/21/2024,OTT,,VEG,L,3,32,29,0.906,0,58.333333333333336
2024-25,u/ullmali01,11/23/2024,OTT,,VAN,L,4,21,17,0.81,0,56.61666666666667
2024-25,u/ullmali01,11/27/2024,OTT,@,SJS,W,3,39,36,0.923,0,60
2024-25,u/ullmali01,12/1/2024,OTT,@,ANA,O,3,34,31,0.912,0,64.73333333333333
