Player,PlayerID,TeamID,Position,GP,G,A,PTS,SOG,S%,HIT,BLK,TOI,PIM,EVG,PPG,SHG,EVA,PPA,SHA,G_GP,A_GP,PTS_GP,SOG_GP,HIT_GP,BLK_GP,TOI_GP
Sam Reinhart,reinhsa01,FLA,F,25,18,16,34,65,27.692,30,21,509.08,4,9,5,4,11,3,1,0.72000,0.64000,1.36000,2.60000,1.20000,0.84000,20.36333
Leon Draisaitl,draisle01,EDM,F,24,17,15,32,69,24.638,4,10,510.88,10,13,3,0,11,4,0,0.70833,0.62500,1.33333,2.87500,0.16667,0.41667,21.28681
Brayden Point,pointbr01,TBL,F,19,16,5,21,44,36.364,5,10,357.73,2,7,9,0,5,0,0,0.84211,0.26316,1.10526,2.31579,0.26316,0.52632,18.82807
Nico Hischier,hischni01,NJD,F,27,15,12,27,77,19.481,12,21,554.63,2,11,4,0,5,6,1,0.55556,0.44444,1.00000,2.85185,0.44444,0.77778,20.54198
William Nylander,nylanwi01,TOR,F,23,15,10,25,85,17.647,1,7,444.63,12,10,5,0,4,6,0,0.65217,0.43478,1.08696,3.69565,0.04348,0.30435,19.33188
Mikko Rantanen,rantami01,COL,F,25,15,19,34,73,20.548,14,16,563.85,16,10,5,0,13,6,0,0.60000,0.76000,1.36000,2.92000,0.56000,0.64000,22.55400
Kirill Kaprizov,kapriki01,MIN,F,23,15,23,38,74,20.270,8,10,491.63,6,13,2,0,17,6,0,0.65217,1.00000,1.65217,3.21739,0.34783,0.43478,21.37536
Alex Ovechkin,ovechal01,WSH,F,18,15,10,25,63,23.810,44,3,316.87,8,11,4,0,7,3,0,0.83333,0.55556,1.38889,3.50000,2.44444,0.16667,17.60370
Cole Caufield,caufico01,MTL,F,23,14,6,20,57,24.561,18,10,409.03,4,7,7,0,5,1,0,0.60870,0.26087,0.86957,2.47826,0.78261,0.43478,17.78406
Connor McMichael,mcmicco01,WSH,F,24,14,10,24,71,19.718,9,11,421.58,10,11,3,0,7,2,1,0.58333,0.41667,1.00000,2.95833,0.37500,0.45833,17.56597
Stefan Noesen,noesest01,NJD,F,27,13,9,22,52,25.000,66,9,399.72,13,7,6,0,6,3,0,0.48148,0.33333,0.81481,1.92593,2.44444,0.33333,14.80432
Kyle Connor,connoky01,WPG,F,24,13,16,29,80,16.250,2,11,474.30,15,9,3,1,13,3,0,0.54167,0.66667,1.20833,3.33333,0.08333,0.45833,19.76250
Artemi Panarin,panarar01,NYR,F,23,13,15,28,76,17.105,5,6,431.95,4,8,5,0,10,5,0,0.56522,0.65217,1.21739,3.30435,0.21739,0.26087,18.78043
Travis Konecny,konectr01,PHI,F,25,13,17,30,69,18.841,38,15,504.60,29,8,4,1,15,2,0,0.52000,0.68000,1.20000,2.76000,1.52000,0.60000,20.18400
Sam Bennett,bennesa01,FLA,F,24,12,11,23,74,16.216,51,17,398.70,28,9,3,0,7,3,0,0.50000,0.45833,0.95833,3.08333,2.12500,0.70833,16.61250
Connor McDavid,mcdavco01,EDM,F,21,12,19,31,80,15.000,16,2,447.12,8,7,5,0,16,3,0,0.57143,0.90476,1.47619,3.80952,0.76190,0.09524,21.29127
Mark Scheifele,scheima01,WPG,F,24,12,14,26,52,23.077,22,21,466.42,21,10,2,0,9,5,0,0.50000,0.58333,1.08333,2.16667,0.91667,0.87500,19.43403
Ivan Barbashev,barbaiv01,VEG,F,25,12,15,27,45,26.667,48,14,398.37,2,11,1,0,15,0,0,0.48000,0.60000,1.08000,1.80000,1.92000,0.56000,15.93467
Pavel Dorofeyev,dorofpa01,VEG,F,25,12,5,17,74,16.216,8,13,410.57,8,7,5,0,5,0,0,0.48000,0.20000,0.68000,2.96000,0.32000,0.52000,16.42267
Adrian Kempe,kempead01,LAK,F,25,12,12,24,73,16.438,29,13,472.22,14,10,2,0,9,3,0,0.48000,0.48000,0.96000,2.92000,1.16000,0.52000,18.88867
Dylan Larkin,larkidy01,DET,F,23,12,6,18,59,20.339,10,5,441.25,18,6,6,0,4,2,0,0.52174,0.26087,0.78261,2.56522,0.43478,0.21739,19.18478
Matt Duchene,duchema01,DAL,F,22,12,15,27,40,30.000,13,5,343.70,4,9,3,0,8,7,0,0.54545,0.68182,1.22727,1.81818,0.59091,0.22727,15.62273
Adam Gaudette,gaudead01,OTT,F,22,12,1,13,32,37.500,21,12,221.73,6,9,3,0,1,0,0,0.54545,0.04545,0.59091,1.45455,0.95455,0.54545,10.07879
Jack Roslovic,rosloja01,CAR,F,24,12,3,15,55,21.818,2,4,327.37,4,12,0,0,2,1,0,0.50000,0.12500,0.62500,2.29167,0.08333,0.16667,13.64028
Martin Necas,necasma01,CAR,F,24,12,25,37,61,19.672,18,8,437.43,6,7,5,0,13,12,0,0.50000,1.04167,1.54167,2.54167,0.75000,0.33333,18.22639
Nikita Kucherov,kucheni01,TBL,F,22,12,22,34,83,14.458,13,10,454.73,2,11,1,0,9,13,0,0.54545,1.00000,1.54545,3.77273,0.59091,0.45455,20.66970
Tage Thompson,thompta01,BUF,F,19,11,7,18,67,16.418,9,8,355.10,4,10,1,0,4,3,0,0.57895,0.36842,0.94737,3.52632,0.47368,0.42105,18.68947
Jesper Bratt,brattje01,NJD,F,27,11,20,31,73,15.068,30,13,478.13,12,6,4,1,10,10,0,0.40741,0.74074,1.14815,2.70370,1.11111,0.48148,17.70864
Alex Laferriere,laferal01,LAK,F,25,11,9,20,55,20.000,48,9,385.47,6,10,1,0,7,2,0,0.44000,0.36000,0.80000,2.20000,1.92000,0.36000,15.41867
Matt Boldy,boldyma01,MIN,F,24,11,13,24,87,12.644,12,17,471.82,17,7,4,0,10,3,0,0.45833,0.54167,1.00000,3.62500,0.50000,0.70833,19.65903
Brady Tkachuk,tkachbr01,OTT,F,23,11,15,26,91,12.088,98,13,400.10,50,6,5,0,11,4,0,0.47826,0.65217,1.13043,3.95652,4.26087,0.56522,17.39565
Jared McCann,mccanja01,SEA,F,25,10,13,23,65,15.385,8,16,443.17,2,8,2,0,11,2,0,0.40000,0.52000,0.92000,2.60000,0.32000,0.64000,17.72667
Dylan Guenther,guentdy01,ARI,F,24,10,11,21,59,16.949,11,11,390.95,14,5,4,0,6,5,0,0.41667,0.45833,0.87500,2.45833,0.45833,0.45833,16.28958
Ryan Donato,donatry01,CHI,F,21,10,4,14,53,18.868,38,4,306.57,4,9,1,0,3,1,0,0.47619,0.19048,0.66667,2.52381,1.80952,0.19048,14.59841
John Tavares,tavarjo01,TOR,F,22,10,11,21,76,13.158,26,13,391.73,12,7,3,0,10,1,0,0.45455,0.50000,0.95455,3.45455,1.18182,0.59091,17.80606
Rickard Rakell,rakelri01,PIT,F,26,10,5,15,62,16.129,43,27,481.00,0,9,1,0,3,2,0,0.38462,0.19231,0.57692,2.38462,1.65385,1.03846,18.50000
Brett Howden,howdebr01,VEG,F,25,10,1,11,43,23.256,36,17,364.73,12,10,0,0,1,0,0,0.40000,0.04000,0.44000,1.72000,1.44000,0.68000,14.58933
Kyle Palmieri,palmiky01,NYI,F,25,10,10,20,56,17.857,15,11,447.65,8,9,1,0,7,2,1,0.40000,0.40000,0.80000,2.24000,0.60000,0.44000,17.90600
Brock Nelson,nelsobr01,NYI,F,25,10,7,17,79,12.658,7,13,475.42,2,7,1,2,7,0,0,0.40000,0.28000,0.68000,3.16000,0.28000,0.52000,19.01667
Anders Lee,leean01,NYI,F,25,10,9,19,77,12.987,38,10,428.93,8,8,2,0,8,1,0,0.40000,0.36000,0.76000,3.08000,1.52000,0.40000,17.15733
Tim Stutzle,stuetti02,OTT,F,23,10,19,29,49,20.408,43,17,439.25,10,9,1,0,10,9,0,0.43478,0.82609,1.26087,2.13043,1.86957,0.73913,19.09783
Mikael Granlund,granlmi01,SJS,F,25,10,18,28,73,13.699,21,18,521.85,10,6,3,1,13,5,0,0.40000,0.72000,1.12000,2.92000,0.84000,0.72000,20.87400
Brandon Hagel,hagelbr01,TBL,F,23,10,19,29,64,15.625,7,13,493.20,18,9,0,1,14,4,1,0.43478,0.82609,1.26087,2.78261,0.30435,0.56522,21.44348
Anthony Cirelli,cirelan01,TBL,F,23,10,13,23,49,20.408,10,24,423.10,12,8,1,1,11,1,1,0.43478,0.56522,1.00000,2.13043,0.43478,1.04348,18.39565
Jake Guentzel,guentja01,TBL,F,23,10,12,22,61,16.393,13,22,456.50,8,7,3,0,10,2,0,0.43478,0.52174,0.95652,2.65217,0.56522,0.95652,19.84783
Jack Hughes,hugheja03,NJD,F,27,9,21,30,89,10.112,3,14,558.15,2,6,3,0,10,11,0,0.33333,0.77778,1.11111,3.29630,0.11111,0.51852,20.67222
Nino Niederreiter,niedeni01,WPG,F,24,9,6,15,48,18.750,49,12,333.10,12,8,1,0,4,2,0,0.37500,0.25000,0.62500,2.00000,2.04167,0.50000,13.87917
Gabriel Vilardi,vilarga01,WPG,F,24,9,8,17,47,19.149,5,14,421.58,2,5,4,0,5,3,0,0.37500,0.33333,0.70833,1.95833,0.20833,0.58333,17.56597
Nikolaj Ehlers,ehlerni01,WPG,F,24,9,16,25,61,14.754,8,4,358.82,2,7,2,0,11,5,0,0.37500,0.66667,1.04167,2.54167,0.33333,0.16667,14.95069
Nick Suzuki,suzukni01,MTL,F,23,9,13,22,49,18.367,23,21,457.68,4,8,1,0,9,4,0,0.39130,0.56522,0.95652,2.13043,1.00000,0.91304,19.89928
Matthew Knies,kniesma01,TOR,F,21,9,5,14,38,23.684,43,6,378.88,8,8,1,0,3,2,0,0.42857,0.23810,0.66667,1.80952,2.04762,0.28571,18.04206
Mitch Marner,marnemi01,TOR,F,23,9,22,31,62,14.516,12,9,495.98,4,4,4,1,13,9,0,0.39130,0.95652,1.34783,2.69565,0.52174,0.39130,21.56449
Chris Kreider,kreidch01,NYR,F,20,9,0,9,54,16.667,25,4,348.22,12,4,3,2,0,0,0,0.45000,0.00000,0.45000,2.70000,1.25000,0.20000,17.41083
Will Cuylle,cuyllwi01,NYR,F,23,9,11,20,43,20.930,93,11,337.52,12,9,0,0,10,1,0,0.39130,0.47826,0.86957,1.86957,4.04348,0.47826,14.67464
Kevin Fiala,fialake01,LAK,F,24,9,7,16,63,14.286,13,10,395.75,22,5,4,0,2,5,0,0.37500,0.29167,0.66667,2.62500,0.54167,0.41667,16.48958
Alex Debrincat,debrial01,DET,F,23,9,11,20,55,16.364,6,8,404.58,2,5,4,0,6,5,0,0.39130,0.47826,0.86957,2.39130,0.26087,0.34783,17.59058
Kirill Marchenko,marchki01,CBJ,F,22,9,14,23,58,15.517,13,4,399.92,8,9,0,0,10,4,0,0.40909,0.63636,1.04545,2.63636,0.59091,0.18182,18.17803
Mason Marchment,marchma01,DAL,F,21,9,14,23,43,20.930,34,5,312.10,23,8,1,0,9,5,0,0.42857,0.66667,1.09524,2.04762,1.61905,0.23810,14.86190
Roope Hintz,hintzro01,DAL,F,21,9,5,14,48,18.750,13,11,360.23,4,7,2,0,4,1,0,0.42857,0.23810,0.66667,2.28571,0.61905,0.52381,17.15397
Tyler Seguin,seguity01,DAL,F,18,9,11,20,43,20.930,4,6,274.42,2,6,3,0,11,0,0,0.50000,0.61111,1.11111,2.38889,0.22222,0.33333,15.24537
Filip Forsberg,forsbfi01,NSH,F,25,9,8,17,85,10.588,53,15,476.87,16,6,3,0,3,5,0,0.36000,0.32000,0.68000,3.40000,2.12000,0.60000,19.07467
Drake Batherson,bathedr01,OTT,F,23,9,15,24,50,18.000,42,7,418.77,10,5,4,0,8,6,0,0.39130,0.65217,1.04348,2.17391,1.82609,0.30435,18.20725
Josh Norris,norrijo01,OTT,F,23,9,6,15,44,20.455,63,22,413.25,18,5,3,0,3,3,0,0.39130,0.26087,0.65217,1.91304,2.73913,0.95652,17.96739
Tyler Toffoli,toffoty01,SJS,F,27,9,8,17,80,11.250,18,12,440.35,6,7,2,0,4,4,0,0.33333,0.29630,0.62963,2.96296,0.66667,0.44444,16.30926
Fabian Zetterlund,zettefa01,SJS,F,27,9,10,19,56,16.071,58,25,473.82,4,7,2,0,9,1,0,0.33333,0.37037,0.70370,2.07407,2.14815,0.92593,17.54877
Matvei Michkov,michkma01,PHI,F,23,9,10,19,43,20.930,7,6,378.12,16,5,4,0,6,4,0,0.39130,0.43478,0.82609,1.86957,0.30435,0.26087,16.43986
Tom Wilson,wilsoto01,WSH,F,24,9,10,19,57,15.789,71,24,428.00,24,4,4,0,7,2,1,0.37500,0.41667,0.79167,2.37500,2.95833,1.00000,17.83333
Alex Tuch,tuchal01,BUF,F,24,8,14,22,60,13.333,22,35,484.55,15,5,0,3,11,3,0,0.33333,0.58333,0.91667,2.50000,0.91667,1.45833,20.18958
Timo Meier,meierti01,NJD,F,26,8,11,19,83,9.639,49,15,433.50,29,6,2,0,8,3,0,0.30769,0.42308,0.73077,3.19231,1.88462,0.57692,16.67308
David Pastrnak,pastrda01,BOS,F,25,8,14,22,100,8.000,12,6,491.27,18,5,3,0,12,2,0,0.32000,0.56000,0.88000,4.00000,0.48000,0.24000,19.65067
Brad Marchand,marchbr03,BOS,F,25,8,9,17,74,10.811,22,9,466.58,24,7,1,0,4,5,0,0.32000,0.36000,0.68000,2.96000,0.88000,0.36000,18.66333
Anton Lundell,lundean01,FLA,F,24,8,11,19,52,15.385,30,19,409.93,6,5,2,1,9,2,0,0.33333,0.45833,0.79167,2.16667,1.25000,0.79167,17.08056
Jake Neighbours,neighja01,STL,F,25,8,4,12,49,16.327,62,15,400.70,20,4,3,0,4,0,0,0.32000,0.16000,0.48000,1.96000,2.48000,0.60000,16.02800
Jack McBain,mcbaija03,ARI,F,24,8,3,11,17,47.059,70,12,302.08,29,8,0,0,3,0,0,0.33333,0.12500,0.45833,0.70833,2.91667,0.50000,12.58681
Brendan Gallagher,gallabr01,MTL,F,23,8,5,13,42,19.048,26,11,327.78,11,5,3,0,4,1,0,0.34783,0.21739,0.56522,1.82609,1.13043,0.47826,14.25145
Alexis Lafreniere,lafreal01,NYR,F,23,8,9,17,48,16.667,27,8,386.50,2,6,2,0,9,0,0,0.34783,0.39130,0.73913,2.08696,1.17391,0.34783,16.80435
Sidney Crosby,crosbsi01,PIT,F,26,8,17,25,79,10.127,27,15,526.00,17,6,2,0,12,5,0,0.30769,0.65385,0.96154,3.03846,1.03846,0.57692,20.23077
Jonathan Huberdeau,huberjo01,CGY,F,25,8,6,14,41,19.512,20,21,434.42,18,7,1,0,6,0,0,0.32000,0.24000,0.56000,1.64000,0.80000,0.84000,17.37667
Nazem Kadri,kadrina01,CGY,F,25,8,7,15,81,9.877,16,12,444.05,22,7,1,0,4,3,0,0.32000,0.28000,0.60000,3.24000,0.64000,0.48000,17.76200
Conor Garland,garlaco01,VAN,F,22,8,13,21,51,15.686,13,11,427.10,13,5,3,0,9,4,0,0.36364,0.59091,0.95455,2.31818,0.59091,0.50000,19.41364
Cale Makar,makarca01,COL,D,25,8,24,32,76,10.526,24,37,623.07,4,4,3,1,13,11,0,0.32000,0.96000,1.28000,3.04000,0.96000,1.48000,24.92267
Ross Colton,coltoro01,COL,F,10,8,1,9,37,21.622,28,9,186.30,0,5,3,0,0,1,0,0.80000,0.10000,0.90000,3.70000,2.80000,0.90000,18.63000
Jack Eichel,eicheja01,VEG,F,25,8,28,36,71,11.268,9,19,498.92,4,8,0,0,17,11,0,0.32000,1.12000,1.44000,2.84000,0.36000,0.76000,19.95667
Tomas Hertl,hertlto01,VEG,F,25,8,10,18,59,13.559,35,20,414.37,6,2,6,0,6,4,0,0.32000,0.40000,0.72000,2.36000,1.40000,0.80000,16.57467
Anze Kopitar,kopitan01,LAK,F,25,8,21,29,32,25.000,8,15,460.60,0,6,2,0,13,8,0,0.32000,0.84000,1.16000,1.28000,0.32000,0.60000,18.42400
Zach Werenski,werenza01,CBJ,D,22,8,16,24,84,9.524,5,37,571.53,11,6,2,0,9,6,1,0.36364,0.72727,1.09091,3.81818,0.22727,1.68182,25.97879
Macklin Celebrini,celebma01,SJS,F,15,8,6,14,47,17.021,9,12,276.97,4,7,1,0,5,1,0,0.53333,0.40000,0.93333,3.13333,0.60000,0.80000,18.46444
Andrei Svechnikov,svechan01,CAR,F,24,8,10,18,78,10.256,40,7,408.08,26,3,5,0,6,4,0,0.33333,0.41667,0.75000,3.25000,1.66667,0.29167,17.00347
Pius Suter,suterpi01,VAN,F,21,8,5,13,40,20.000,13,10,322.18,2,7,1,0,5,0,0,0.38095,0.23810,0.61905,1.90476,0.61905,0.47619,15.34206
Dylan Strome,stromdy01,WSH,F,24,8,26,34,39,20.513,4,15,419.25,10,7,1,0,16,10,0,0.33333,1.08333,1.41667,1.62500,0.16667,0.62500,17.46875
Jakob Chychrun,chychja01,WSH,D,19,8,7,15,38,21.053,14,25,379.37,16,6,2,0,5,2,0,0.42105,0.36842,0.78947,2.00000,0.73684,1.31579,19.96667
Aliaksei Protas,protaal01,WSH,F,24,8,13,21,35,22.857,6,9,346.47,6,7,0,1,13,0,0,0.33333,0.54167,0.87500,1.45833,0.25000,0.37500,14.43611
Jj Peterka,peterjo01,BUF,F,22,7,9,16,47,14.894,13,3,406.52,6,5,2,0,6,3,0,0.31818,0.40909,0.72727,2.13636,0.59091,0.13636,18.47803
Paul Cotter,cottepa01,NJD,F,27,7,5,12,37,18.919,81,8,347.93,26,7,0,0,5,0,0,0.25926,0.18519,0.44444,1.37037,3.00000,0.29630,12.88642
Carter Verhaeghe,verhaca01,FLA,F,25,7,13,20,81,8.642,33,9,462.57,20,5,2,0,7,6,0,0.28000,0.52000,0.80000,3.24000,1.32000,0.36000,18.50267
Brandon Montour,montobr01,SEA,D,24,7,9,16,86,8.140,35,28,550.15,18,5,2,0,8,1,0,0.29167,0.37500,0.66667,3.58333,1.45833,1.16667,22.92292
Jordan Kyrou,kyroujo01,STL,F,25,7,13,20,71,9.859,19,8,451.83,6,6,1,0,10,3,0,0.28000,0.52000,0.80000,2.84000,0.76000,0.32000,18.07333
Dylan Holloway,hollody01,STL,F,25,7,6,13,54,12.963,45,15,369.43,2,5,2,0,5,1,0,0.28000,0.24000,0.52000,2.16000,1.80000,0.60000,14.77733
Clayton Keller,kellecl01,ARI,F,24,7,15,22,58,12.069,5,7,456.63,8,6,1,0,11,4,0,0.29167,0.62500,0.91667,2.41667,0.20833,0.29167,19.02639
Anthony Beauvillier,beauvan01,PIT,F,26,7,3,10,51,13.725,43,13,342.52,4,7,0,0,2,1,0,0.26923,0.11538,0.38462,1.96154,1.65385,0.50000,13.17372
Elias Pettersson,petteel01,VAN,F,22,7,11,18,43,16.279,29,28,428.97,6,4,3,0,9,2,0,0.31818,0.50000,0.81818,1.95455,1.31818,1.27273,19.49848
Jake Debrusk,debruja01,VAN,F,22,7,8,15,43,16.279,38,13,361.60,10,5,2,0,6,2,0,0.31818,0.36364,0.68182,1.95455,1.72727,0.59091,16.43636
Casey Mittelstadt,mitteca01,COL,F,25,7,11,18,46,15.217,8,12,465.98,6,6,1,0,4,7,0,0.28000,0.44000,0.72000,1.84000,0.32000,0.48000,18.63933
Nathan MacKinnon,mackina01,COL,F,25,7,29,36,96,7.292,11,15,586.27,8,4,3,0,19,10,0,0.28000,1.16000,1.44000,3.84000,0.44000,0.60000,23.45067
Lucas Raymond,raymolu01,DET,F,23,7,16,23,45,15.556,9,12,433.03,6,5,1,1,6,10,0,0.30435,0.69565,1.00000,1.95652,0.39130,0.52174,18.82754
Sean Monahan,monahse01,CBJ,F,22,7,13,20,61,11.475,8,12,417.37,12,5,2,0,12,0,1,0.31818,0.59091,0.90909,2.77273,0.36364,0.54545,18.97121
Yegor Chinakhov,chinaye01,CBJ,F,21,7,7,14,55,12.727,33,8,357.43,2,5,2,0,5,2,0,0.33333,0.33333,0.66667,2.61905,1.57143,0.38095,17.02063
Mathieu Olivier,olivima01,CBJ,F,22,7,3,10,28,25.000,77,26,287.47,47,6,0,1,3,0,0,0.31818,0.13636,0.45455,1.27273,3.50000,1.18182,13.06667
Marco Rossi,rossima01,MIN,F,24,7,12,19,42,16.667,18,14,381.38,10,6,1,0,9,3,0,0.29167,0.50000,0.79167,1.75000,0.75000,0.58333,15.89097
Steven Stamkos,stamkst01,NSH,F,25,7,6,13,62,11.290,23,11,434.73,14,1,6,0,2,4,0,0.28000,0.24000,0.52000,2.48000,0.92000,0.44000,17.38933
Roman Josi,josiro01,NSH,D,25,7,15,22,83,8.434,26,42,610.73,6,6,1,0,6,9,0,0.28000,0.60000,0.88000,3.32000,1.04000,1.68000,24.42933
Simon Holmstrom,holmssi01,NYI,F,25,7,7,14,30,23.333,7,19,416.08,6,6,1,0,4,2,1,0.28000,0.28000,0.56000,1.20000,0.28000,0.76000,16.64333
Sebastian Aho,ahose01,CAR,F,24,7,18,25,64,10.938,23,9,458.97,20,5,2,0,9,8,1,0.29167,0.75000,1.04167,2.66667,0.95833,0.37500,19.12361
Seth Jarvis,jarvise01,CAR,F,17,7,9,16,46,15.217,22,15,300.67,6,3,3,1,3,6,0,0.41176,0.52941,0.94118,2.70588,1.29412,0.88235,17.68627
Jackson Blake,blakeja02,CAR,F,24,7,3,10,42,16.667,3,8,279.82,12,5,2,0,3,0,0,0.29167,0.12500,0.41667,1.75000,0.12500,0.33333,11.65903
Bryan Rust,rustbr01,PIT,F,19,7,5,12,52,13.462,18,11,361.85,6,5,2,0,4,1,0,0.36842,0.26316,0.63158,2.73684,0.94737,0.57895,19.04474
Rasmus Dahlin,dahlira01,BUF,D,24,6,13,19,73,8.219,21,35,600.73,18,3,3,0,8,5,0,0.25000,0.54167,0.79167,3.04167,0.87500,1.45833,25.03056
Ryan McLeod,mcleory01,BUF,F,24,6,6,12,22,27.273,10,9,377.30,2,6,0,0,6,0,0,0.25000,0.25000,0.50000,0.91667,0.41667,0.37500,15.72083
Evan Rodrigues,rodriev01,FLA,F,25,6,7,13,42,14.286,35,5,393.72,8,5,1,0,5,2,0,0.24000,0.28000,0.52000,1.68000,1.40000,0.20000,15.74867
Aleksander Barkov,barkoal01,FLA,F,17,6,18,24,35,17.143,17,16,336.88,4,3,2,1,9,6,3,0.35294,1.05882,1.41176,2.05882,1.00000,0.94118,19.81667
Eeli Tolvanen,tolvaee01,SEA,F,25,6,2,8,34,17.647,58,16,324.13,2,5,1,0,2,0,0,0.24000,0.08000,0.32000,1.36000,2.32000,0.64000,12.96533
Oliver Bjorkstrand,bjorkol01,SEA,F,24,6,8,14,55,10.909,20,6,356.18,4,6,0,0,6,2,0,0.25000,0.33333,0.58333,2.29167,0.83333,0.25000,14.84097
Jordan Eberle,eberljo01,SEA,F,17,6,5,11,29,20.690,0,14,269.32,6,5,1,0,4,1,0,0.35294,0.29412,0.64706,1.70588,0.00000,0.82353,15.84216
Pavel Buchnevich,buchnpa01,STL,F,24,6,9,15,43,13.953,15,12,443.87,7,5,1,0,6,3,0,0.25000,0.37500,0.62500,1.79167,0.62500,0.50000,18.49444
Mikhail Sergachev,sergami01,ARI,D,24,6,10,16,39,15.385,15,40,613.18,10,4,2,0,7,3,0,0.25000,0.41667,0.66667,1.62500,0.62500,1.66667,25.54931
Logan Cooley,coolelo01,ARI,F,24,6,14,20,49,12.245,17,8,394.02,10,5,1,0,10,3,0,0.25000,0.58333,0.83333,2.04167,0.70833,0.33333,16.41736
Teuvo Teravainen,teravte01,CHI,F,23,6,5,11,44,13.636,2,12,393.57,4,2,4,0,2,3,0,0.26087,0.21739,0.47826,1.91304,0.08696,0.52174,17.11159
Nick Foligno,foligni01,CHI,F,23,6,3,9,36,16.667,70,11,392.80,13,5,1,0,3,0,0,0.26087,0.13043,0.39130,1.56522,3.04348,0.47826,17.07826
Evan Bouchard,bouchev01,EDM,D,24,6,12,18,63,9.524,8,43,570.53,8,6,0,0,7,5,0,0.25000,0.50000,0.75000,2.62500,0.33333,1.79167,23.77222
Cole Perfetti,perfeco01,WPG,F,24,6,11,17,42,14.286,10,17,331.13,8,3,3,0,7,4,0,0.25000,0.45833,0.70833,1.75000,0.41667,0.70833,13.79722
Vladislav Namestnikov,namesvl01,WPG,F,24,6,9,15,26,23.077,29,15,342.60,20,6,0,0,3,6,0,0.25000,0.37500,0.62500,1.08333,1.20833,0.62500,14.27500
Vincent Trocheck,trochvi01,NYR,F,23,6,6,12,56,10.714,77,21,473.88,16,5,1,0,2,4,0,0.26087,0.26087,0.52174,2.43478,3.34783,0.91304,20.60362
Lars Eller,ellerla01,PIT,F,26,6,6,12,35,17.143,20,9,376.87,16,6,0,0,5,1,0,0.23077,0.23077,0.46154,1.34615,0.76923,0.34615,14.49487
J.T. Miller,millejt01,VAN,F,17,6,10,16,34,17.647,30,4,312.82,9,5,1,0,6,4,0,0.35294,0.58824,0.94118,2.00000,1.76471,0.23529,18.40098
Brock Boeser,boesebr01,VAN,F,15,6,7,13,30,20.000,16,5,260.72,10,3,3,0,5,2,0,0.40000,0.46667,0.86667,2.00000,1.06667,0.33333,17.38111
Kiefer Sherwood,sherwki01,VAN,F,22,6,6,12,43,13.953,138,8,316.93,8,6,0,0,6,0,0,0.27273,0.27273,0.54545,1.95455,6.27273,0.36364,14.40606
Mark Stone,stonema01,VEG,F,13,6,15,21,26,23.077,4,7,248.55,0,4,2,0,9,6,0,0.46154,1.15385,1.61538,2.00000,0.30769,0.53846,19.11923
Keegan Kolesar,koleske01,VEG,F,25,6,4,10,28,21.429,82,14,308.02,14,6,0,0,4,0,0,0.24000,0.16000,0.40000,1.12000,3.28000,0.56000,12.32067
Warren Foegele,foegewa01,LAK,F,25,6,5,11,58,10.345,23,12,379.58,6,6,0,0,5,0,0,0.24000,0.20000,0.44000,2.32000,0.92000,0.48000,15.18333
Mats Zuccarello,zuccama01,MIN,F,16,6,8,14,29,20.690,5,8,278.93,6,5,1,0,5,3,0,0.37500,0.50000,0.87500,1.81250,0.31250,0.50000,17.43333
Bobby McMann,mcmanbo02,TOR,F,21,6,1,7,52,11.538,34,8,294.33,6,6,0,0,1,0,0,0.28571,0.04762,0.33333,2.47619,1.61905,0.38095,14.01587
Evgenii Dadonov,dadonev01,DAL,F,22,6,3,9,35,17.143,14,14,308.93,4,5,1,0,3,0,0,0.27273,0.13636,0.40909,1.59091,0.63636,0.63636,14.04242
Gustav Nyquist,nyquigu01,NSH,F,25,6,4,10,30,20.000,11,12,419.10,4,5,0,1,4,0,0,0.24000,0.16000,0.40000,1.20000,0.44000,0.48000,16.76400
Claude Giroux,giroucl01,OTT,F,23,6,11,17,49,12.245,23,14,452.22,4,4,2,0,9,2,0,0.26087,0.47826,0.73913,2.13043,1.00000,0.60870,19.66159
Luke Kunin,kuninlu01,SJS,F,27,6,4,10,35,17.143,67,38,383.38,23,6,0,0,4,0,0,0.22222,0.14815,0.37037,1.29630,2.48148,1.40741,14.19938
Alex Wennberg,wennbal01,SJS,F,27,6,8,14,36,16.667,15,26,481.75,4,3,3,0,5,3,0,0.22222,0.29630,0.51852,1.33333,0.55556,0.96296,17.84259
Eric Robinson,robiner01,CAR,F,24,6,8,14,26,23.077,31,2,281.20,4,6,0,0,8,0,0,0.25000,0.33333,0.58333,1.08333,1.29167,0.08333,11.71667
Jordan Martinook,martijo01,CAR,F,24,6,7,13,38,15.789,28,16,350.22,2,6,0,0,7,0,0,0.25000,0.29167,0.54167,1.58333,1.16667,0.66667,14.59236
Sean Couturier,coutuse01,PHI,F,24,6,8,14,52,11.538,19,18,416.52,11,6,0,0,8,0,0,0.25000,0.33333,0.58333,2.16667,0.79167,0.75000,17.35486
Leo Carlsson,carlsle01,ANA,F,20,6,5,11,29,20.690,7,10,327.88,2,4,2,0,4,1,0,0.30000,0.25000,0.55000,1.45000,0.35000,0.50000,16.39417
Troy Terry,terrytr01,ANA,F,22,6,10,16,48,12.500,2,7,376.87,2,3,3,0,8,2,0,0.27273,0.45455,0.72727,2.18182,0.09091,0.31818,17.13030
Nic Dowd,dowdni01,WSH,F,24,6,2,8,33,18.182,50,20,374.55,22,5,0,1,2,0,0,0.25000,0.08333,0.33333,1.37500,2.08333,0.83333,15.60625
Andrew Mangiapane,mangian01,WSH,F,24,6,4,10,41,14.634,18,9,313.48,8,5,0,1,4,0,0,0.25000,0.16667,0.41667,1.70833,0.75000,0.37500,13.06181
Matt Coronato,coronma01,CGY,F,20,6,4,10,41,14.634,12,4,301.73,4,6,0,0,1,3,0,0.30000,0.20000,0.50000,2.05000,0.60000,0.20000,15.08667
Dylan Cozens,cozendy01,BUF,F,24,5,5,10,68,7.353,48,18,427.12,10,4,1,0,4,1,0,0.20833,0.20833,0.41667,2.83333,2.00000,0.75000,17.79653
Jason Zucker,zuckeja01,BUF,F,24,5,9,14,35,14.286,14,5,361.57,17,2,3,0,6,3,0,0.20833,0.37500,0.58333,1.45833,0.58333,0.20833,15.06528
Erik Haula,haulaer01,NJD,F,27,5,6,11,43,11.628,44,18,383.53,21,4,1,0,4,2,0,0.18519,0.22222,0.40741,1.59259,1.62963,0.66667,14.20494
Dawson Mercer,merceda01,NJD,F,27,5,8,13,44,11.364,13,21,479.27,10,3,1,1,8,0,0,0.18519,0.29630,0.48148,1.62963,0.48148,0.77778,17.75062
Pavel Zacha,zachapa01,BOS,F,25,5,5,10,56,8.929,10,5,469.70,9,4,0,1,4,1,0,0.20000,0.20000,0.40000,2.24000,0.40000,0.20000,18.78800
Charlie Coyle,coylech01,BOS,F,25,5,1,6,35,14.286,40,20,435.90,8,2,3,0,1,0,0,0.20000,0.04000,0.24000,1.40000,1.60000,0.80000,17.43600
Justin Brazeau,brazeju01,BOS,F,23,5,5,10,35,14.286,30,10,314.10,2,3,2,0,4,1,0,0.21739,0.21739,0.43478,1.52174,1.30435,0.43478,13.65652
Matthew Tkachuk,tkachma01,FLA,F,20,5,14,19,53,9.434,36,7,338.88,20,2,3,0,10,4,0,0.25000,0.70000,0.95000,2.65000,1.80000,0.35000,16.94417
Mackie Samoskevich,samosma01,FLA,F,22,5,4,9,28,17.857,17,3,243.10,4,4,1,0,3,1,0,0.22727,0.18182,0.40909,1.27273,0.77273,0.13636,11.05000
Jaden Schwartz,schwaja01,SEA,F,25,5,9,14,51,9.804,18,18,419.97,12,3,2,0,9,0,0,0.20000,0.36000,0.56000,2.04000,0.72000,0.72000,16.79867
Brandon Tanev,tanevbr01,SEA,F,25,5,5,10,45,11.111,47,36,344.45,4,5,0,0,5,0,0,0.20000,0.20000,0.40000,1.80000,1.88000,1.44000,13.77800
Barrett Hayton,haytoba01,ARI,F,24,5,6,11,41,12.195,8,14,370.80,0,4,1,0,5,1,0,0.20833,0.25000,0.45833,1.70833,0.33333,0.58333,15.45000
Alex Kerfoot,kerfoal01,ARI,F,24,5,4,9,36,13.889,7,17,385.13,2,4,0,1,3,1,0,0.20833,0.16667,0.37500,1.50000,0.29167,0.70833,16.04722
Taylor Hall,hallta02,CHI,F,22,5,4,9,48,10.417,13,19,336.45,6,5,0,0,3,1,0,0.22727,0.18182,0.40909,2.18182,0.59091,0.86364,15.29318
Tyler Bertuzzi,bertuty01,CHI,F,23,5,5,10,34,14.706,14,11,348.98,6,3,2,0,3,2,0,0.21739,0.21739,0.43478,1.47826,0.60870,0.47826,15.17319
Craig Smith,smithcr01,CHI,F,21,5,4,9,36,13.889,17,15,249.08,16,5,0,0,4,0,0,0.23810,0.19048,0.42857,1.71429,0.80952,0.71429,11.86111
Brett Kulak,kulakbr01,EDM,D,24,5,4,9,39,12.821,8,29,461.98,6,5,0,0,4,0,0,0.20833,0.16667,0.37500,1.62500,0.33333,1.20833,19.24931
Adam Lowry,lowryad01,WPG,F,24,5,10,15,30,16.667,41,21,366.77,9,5,0,0,8,0,2,0.20833,0.41667,0.62500,1.25000,1.70833,0.87500,15.28194
Emil Heineman,heineem01,MTL,F,22,5,2,7,28,17.857,56,11,237.10,10,3,2,0,1,1,0,0.22727,0.09091,0.31818,1.27273,2.54545,0.50000,10.77727
Alex Newhook,newhoal01,MTL,F,23,5,0,5,32,15.625,16,10,347.42,6,4,1,0,0,0,0,0.21739,0.00000,0.21739,1.39130,0.69565,0.43478,15.10507
Auston Matthews,matthau01,TOR,F,14,5,8,13,57,8.772,6,20,291.05,6,4,1,0,5,3,0,0.35714,0.57143,0.92857,4.07143,0.42857,1.42857,20.78929
Mika Zibanejad,zibanmi01,NYR,F,23,5,12,17,45,11.111,4,14,405.73,8,4,1,0,7,4,1,0.21739,0.52174,0.73913,1.95652,0.17391,0.60870,17.64058
Michael Bunting,buntimi01,PIT,F,25,5,5,10,49,10.204,37,5,363.10,18,2,3,0,4,1,0,0.20000,0.20000,0.40000,1.96000,1.48000,0.20000,14.52400
Evgeni Malkin,malkiev01,PIT,F,26,5,17,22,56,8.929,13,21,492.13,14,4,1,0,12,5,0,0.19231,0.65385,0.84615,2.15385,0.50000,0.80769,18.92821
Rasmus Andersson,anderra01,CGY,D,25,5,9,14,46,10.870,14,76,594.78,22,4,1,0,8,1,0,0.20000,0.36000,0.56000,1.84000,0.56000,3.04000,23.79133
Connor Zary,zaryco01,CGY,F,25,5,7,12,49,10.204,14,14,419.13,6,4,1,0,4,3,0,0.20000,0.28000,0.48000,1.96000,0.56000,0.56000,16.76533
Blake Coleman,colembl01,CGY,F,25,5,5,10,56,8.929,48,22,426.10,8,4,1,0,5,0,0,0.20000,0.20000,0.40000,2.24000,1.92000,0.88000,17.04400
Quinn Hughes,hughequ01,VAN,D,22,5,20,25,73,6.849,3,21,541.03,19,5,0,0,11,9,0,0.22727,0.90909,1.13636,3.31818,0.13636,0.95455,24.59242
Ivan Ivan,ivaniv01,COL,F,25,5,3,8,32,15.625,8,5,266.90,6,3,2,0,2,1,0,0.20000,0.12000,0.32000,1.28000,0.32000,0.20000,10.67600
Nicolas Roy,royni01,VEG,F,25,5,7,12,42,11.905,21,7,396.10,27,5,0,0,5,2,0,0.20000,0.28000,0.48000,1.68000,0.84000,0.28000,15.84400
Tanner Pearson,pearsta01,VEG,F,25,5,5,10,26,19.231,30,16,309.38,4,5,0,0,5,0,0,0.20000,0.20000,0.40000,1.04000,1.20000,0.64000,12.37533
Andrew Copp,coppan01,DET,F,23,5,4,9,25,20.000,4,13,314.57,4,5,0,0,4,0,0,0.21739,0.17391,0.39130,1.08696,0.17391,0.56522,13.67681
Kent Johnson,johnske01,CBJ,F,8,5,6,11,14,35.714,0,0,137.88,6,3,1,1,2,3,1,0.62500,0.75000,1.37500,1.75000,0.00000,0.00000,17.23542
Adam Fantilli,fantiad01,CBJ,F,22,5,7,12,44,11.364,34,14,369.75,6,4,1,0,5,2,0,0.22727,0.31818,0.54545,2.00000,1.54545,0.63636,16.80682
Joel Eriksson Ek,eriksjo02,MIN,F,21,5,8,13,51,9.804,35,12,375.97,4,4,1,0,7,1,0,0.23810,0.38095,0.61905,2.42857,1.66667,0.57143,17.90317
Jason Robertson,roberja01,DAL,F,22,5,8,13,51,9.804,16,11,371.35,4,4,1,0,6,2,0,0.22727,0.36364,0.59091,2.31818,0.72727,0.50000,16.87955
Jamie Benn,bennja01,DAL,F,22,5,8,13,38,13.158,32,12,318.37,42,5,0,0,6,2,0,0.22727,0.36364,0.59091,1.72727,1.45455,0.54545,14.47121
Ryan O'Reilly,oreilry01,NSH,F,25,5,9,14,39,12.821,11,23,468.62,9,2,3,0,7,2,0,0.20000,0.36000,0.56000,1.56000,0.44000,0.92000,18.74467
Jean-Gabriel Pageau,pageaje01,NYI,F,23,5,5,10,40,12.500,48,17,389.77,2,3,1,1,4,1,0,0.21739,0.21739,0.43478,1.73913,2.08696,0.73913,16.94638
Bo Horvat,horvabo01,NYI,F,25,5,12,17,74,6.757,26,10,486.38,2,4,1,0,11,1,0,0.20000,0.48000,0.68000,2.96000,1.04000,0.40000,19.45533
Will Smith,smithwi01,SJS,F,22,5,6,11,31,16.129,5,2,299.03,6,3,2,0,4,2,0,0.22727,0.27273,0.50000,1.40909,0.22727,0.09091,13.59242
Shayne Gostisbehere,gostish01,CAR,D,24,5,14,19,48,10.417,22,16,438.55,16,1,4,0,5,9,0,0.20833,0.58333,0.79167,2.00000,0.91667,0.66667,18.27292
Mitchell Chaffee,chaffmi01,TBL,F,20,5,4,9,19,26.316,25,9,251.35,4,5,0,0,4,0,0,0.25000,0.20000,0.45000,0.95000,1.25000,0.45000,12.56750
Nicholas Paul,paulni01,TBL,F,17,5,8,13,25,20.000,19,5,278.68,6,5,0,0,6,1,1,0.29412,0.47059,0.76471,1.47059,1.11765,0.29412,16.39314
Tyson Foerster,foersty01,PHI,F,24,5,3,8,35,14.286,17,11,347.17,17,3,2,0,3,0,0,0.20833,0.12500,0.33333,1.45833,0.70833,0.45833,14.46528
Travis Sanheim,sanhetr01,PHI,D,25,5,10,15,58,8.621,19,59,610.38,16,5,0,0,9,1,0,0.20000,0.40000,0.60000,2.32000,0.76000,2.36000,24.41533
Owen Tippett,tippeow01,PHI,F,25,5,7,12,69,7.246,42,19,425.10,2,5,0,0,3,4,0,0.20000,0.28000,0.48000,2.76000,1.68000,0.76000,17.00400
Ryan Strome,stromry01,ANA,F,22,5,5,10,46,10.870,13,11,334.38,8,5,0,0,4,1,0,0.22727,0.22727,0.45455,2.09091,0.59091,0.50000,15.19924
Yegor Sharangovich,sharaye01,CGY,F,18,5,2,7,56,8.929,4,7,319.83,4,2,3,0,1,1,0,0.27778,0.11111,0.38889,3.11111,0.22222,0.38889,17.76852
Dmitri Voronkov,vorondi01,CBJ,F,13,5,5,10,25,20.000,6,6,197.15,4,4,1,0,5,0,0,0.38462,0.38462,0.76923,1.92308,0.46154,0.46154,15.16538
Bowen Byram,byrambo01,BUF,D,24,4,10,14,28,14.286,19,22,543.20,12,4,0,0,10,0,0,0.16667,0.41667,0.58333,1.16667,0.79167,0.91667,22.63333
Dougie Hamilton,hamildo01,NJD,D,27,4,15,19,88,4.545,26,38,558.75,14,1,3,0,8,7,0,0.14815,0.55556,0.70370,3.25926,0.96296,1.40741,20.69444
Cole Koepke,koepkco01,BOS,F,24,4,4,8,30,13.333,47,5,259.55,8,4,0,0,4,0,0,0.16667,0.16667,0.33333,1.25000,1.95833,0.20833,10.81458
Jesper Boqvist,boqvije01,FLA,F,25,4,2,6,24,16.667,59,11,331.95,6,4,0,0,2,0,0,0.16000,0.08000,0.24000,0.96000,2.36000,0.44000,13.27800
Matty Beniers,beniema01,SEA,F,25,4,7,11,48,8.333,14,19,440.78,4,4,0,0,7,0,0,0.16000,0.28000,0.44000,1.92000,0.56000,0.76000,17.63133
Shane Wright,wrighsh01,SEA,F,22,4,3,7,20,20.000,13,12,269.77,6,2,2,0,3,0,0,0.18182,0.13636,0.31818,0.90909,0.59091,0.54545,12.26212
Brayden Schenn,schenbr01,STL,F,25,4,8,12,54,7.407,55,24,434.90,13,3,1,0,8,0,0,0.16000,0.32000,0.48000,2.16000,2.20000,0.96000,17.39600
Colton Parayko,parayco01,STL,D,25,4,8,12,47,8.511,40,64,617.80,4,4,0,0,7,0,0,0.16000,0.32000,0.48000,1.88000,1.60000,2.56000,24.71200
Lawson Crouse,crousla01,ARI,F,24,4,1,5,42,9.524,47,18,351.38,20,3,1,0,1,0,0,0.16667,0.04167,0.20833,1.75000,1.95833,0.75000,14.64097
Jason Dickinson,dickija01,CHI,F,23,4,3,7,21,19.048,33,22,357.37,12,4,0,0,3,0,0,0.17391,0.13043,0.30435,0.91304,1.43478,0.95652,15.53768
Connor Bedard,bedarco01,CHI,F,23,4,13,17,61,6.557,9,16,446.72,8,3,1,0,6,7,0,0.17391,0.56522,0.73913,2.65217,0.39130,0.69565,19.42246
Jeff Skinner,skinnje01,EDM,F,24,4,4,8,65,6.154,17,7,327.02,2,4,0,0,4,0,0,0.16667,0.16667,0.33333,2.70833,0.70833,0.29167,13.62569
Ryan Nugent-Hopkins,nugenry01,EDM,F,24,4,8,12,52,7.692,9,11,468.90,6,4,0,0,5,3,0,0.16667,0.33333,0.50000,2.16667,0.37500,0.45833,19.53750
Corey Perry,perryco01,EDM,F,24,4,3,7,22,18.182,10,6,280.62,16,4,0,0,1,2,0,0.16667,0.12500,0.29167,0.91667,0.41667,0.25000,11.69236
Mason Appleton,applema01,WPG,F,24,4,7,11,42,9.524,24,12,339.68,0,4,0,0,7,0,0,0.16667,0.29167,0.45833,1.75000,1.00000,0.50000,14.15347
Neal Pionk,pionkne01,WPG,D,24,4,16,20,44,9.091,36,39,512.65,16,2,2,0,11,4,1,0.16667,0.66667,0.83333,1.83333,1.50000,1.62500,21.36042
Alex Iafallo,iafalal01,WPG,F,24,4,4,8,26,15.385,13,18,267.88,4,1,3,0,1,3,0,0.16667,0.16667,0.33333,1.08333,0.54167,0.75000,11.16181
Josh Anderson,anderjo05,MTL,F,23,4,6,10,29,13.793,58,11,319.02,32,4,0,0,6,0,0,0.17391,0.26087,0.43478,1.26087,2.52174,0.47826,13.87029
Jake Evans,evansja02,MTL,F,23,4,7,11,21,19.048,33,18,369.78,6,4,0,0,6,0,1,0.17391,0.30435,0.47826,0.91304,1.43478,0.78261,16.07754
Morgan Rielly,riellmo01,TOR,D,23,4,10,14,48,8.333,10,38,489.98,6,3,1,0,4,6,0,0.17391,0.43478,0.60870,2.08696,0.43478,1.65217,21.30362
Filip Chytil,chytifi01,NYR,F,16,4,5,9,38,10.526,3,3,221.48,4,3,1,0,4,1,0,0.25000,0.31250,0.56250,2.37500,0.18750,0.18750,13.84271
Kaapo Kakko,kakkoka01,NYR,F,23,4,9,13,38,10.526,13,7,291.85,14,3,1,0,8,1,0,0.17391,0.39130,0.56522,1.65217,0.56522,0.30435,12.68913
Kevin Hayes,hayeske01,PIT,F,18,4,2,6,20,20.000,12,1,175.70,2,2,2,0,1,1,0,0.22222,0.11111,0.33333,1.11111,0.66667,0.05556,9.76111
Anthony Mantha,manthan01,CGY,F,13,4,3,7,15,26.667,15,8,180.73,11,2,1,1,3,0,0,0.30769,0.23077,0.53846,1.15385,1.15385,0.61538,13.90256
Mikael Backlund,backlmi01,CGY,F,25,4,6,10,63,6.349,16,11,468.82,10,4,0,0,4,2,0,0.16000,0.24000,0.40000,2.52000,0.64000,0.44000,18.75267
Teddy Blueger,bluegte01,VAN,F,22,4,6,10,26,15.385,33,11,320.95,13,4,0,0,6,0,0,0.18182,0.27273,0.45455,1.18182,1.50000,0.50000,14.58864
Nikolai Kovalenko,kovalni01,COL,F,25,4,4,8,26,15.385,30,12,296.63,8,2,2,0,4,0,0,0.16000,0.16000,0.32000,1.04000,1.20000,0.48000,11.86533
Joel Kiviranta,kivirjo01,COL,F,25,4,1,5,30,13.333,38,14,305.12,10,4,0,0,1,0,0,0.16000,0.04000,0.20000,1.20000,1.52000,0.56000,12.20467
Trevor Moore,mooretr01,LAK,F,24,4,11,15,55,7.273,22,6,389.37,2,3,0,1,11,0,0,0.16667,0.45833,0.62500,2.29167,0.91667,0.25000,16.22361
Damon Severson,severda01,CBJ,D,22,4,6,10,39,10.256,15,42,481.38,12,4,0,0,6,0,0,0.18182,0.27273,0.45455,1.77273,0.68182,1.90909,21.88106
Zach Aston-Reese,astonza01,CBJ,F,21,4,4,8,40,10.000,47,13,254.63,0,4,0,0,4,0,0,0.19048,0.19048,0.38095,1.90476,2.23810,0.61905,12.12540
Jake Middleton,middlja01,MIN,D,24,4,8,12,41,9.756,31,61,501.75,15,4,0,0,8,0,0,0.16667,0.33333,0.50000,1.70833,1.29167,2.54167,20.90625
Marcus Foligno,foligma01,MIN,F,24,4,4,8,15,26.667,88,14,304.17,13,4,0,0,4,0,0,0.16667,0.16667,0.33333,0.62500,3.66667,0.58333,12.67361
Ryan Hartman,hartmry01,MIN,F,19,4,3,7,47,8.511,24,9,288.02,12,3,1,0,3,0,0,0.21053,0.15789,0.36842,2.47368,1.26316,0.47368,15.15877
Frederick Gaudreau,gaudrfr01,MIN,F,24,4,9,13,34,11.765,9,15,352.57,4,4,0,0,9,0,0,0.16667,0.37500,0.54167,1.41667,0.37500,0.62500,14.69028
Miro Heiskanen,heiskmi01,DAL,D,22,4,8,12,51,7.843,8,37,520.57,8,4,0,0,6,2,0,0.18182,0.36364,0.54545,2.31818,0.36364,1.68182,23.66212
Logan Stankoven,stanklo01,DAL,F,21,4,11,15,60,6.667,15,7,307.37,0,3,1,0,9,2,0,0.19048,0.52381,0.71429,2.85714,0.71429,0.33333,14.63651
Jonathan Marchessault,audymjo01,NSH,F,25,4,8,12,79,5.063,48,4,426.78,16,2,2,0,3,5,0,0.16000,0.32000,0.48000,3.16000,1.92000,0.16000,17.07133
William Eklund,eklunwi01,SJS,F,26,4,18,22,42,9.524,19,18,530.67,2,2,2,0,14,3,1,0.15385,0.69231,0.84615,1.61538,0.73077,0.69231,20.41026
Jake Walman,walmaja01,SJS,D,22,4,15,19,61,6.557,17,32,495.87,18,4,0,0,12,3,0,0.18182,0.68182,0.86364,2.77273,0.77273,1.45455,22.53939
Nico Sturm,sturmni01,SJS,F,22,4,4,8,18,22.222,25,10,224.45,2,4,0,0,4,0,0,0.18182,0.18182,0.36364,0.81818,1.13636,0.45455,10.20227
Victor Hedman,hedmavi01,TBL,D,23,4,18,22,59,6.780,13,43,540.60,10,3,1,0,9,9,0,0.17391,0.78261,0.95652,2.56522,0.56522,1.86957,23.50435
Bobby Brink,brinkbo01,PHI,F,22,4,8,12,36,11.111,24,12,262.05,8,4,0,0,7,1,0,0.18182,0.36364,0.54545,1.63636,1.09091,0.54545,11.91136
Trevor Zegras,zegratr01,ANA,F,22,4,6,10,45,8.889,20,16,363.87,10,3,1,0,6,0,0,0.18182,0.27273,0.45455,2.04545,0.90909,0.72727,16.53939
Frank Vatrano,vatrafr01,ANA,F,21,4,5,9,70,5.714,61,20,345.80,10,4,0,0,4,1,0,0.19048,0.23810,0.42857,3.33333,2.90476,0.95238,16.46667
Alex Killorn,killoal01,ANA,F,22,4,6,10,34,11.765,22,7,374.88,14,4,0,0,4,2,0,0.18182,0.27273,0.45455,1.54545,1.00000,0.31818,17.04015
Olen Zellweger,zellwol01,ANA,D,21,4,6,10,49,8.163,14,21,391.48,8,3,1,0,3,3,0,0.19048,0.28571,0.47619,2.33333,0.66667,1.00000,18.64206
Taylor Raddysh,raddyta01,WSH,F,24,4,7,11,30,13.333,21,10,320.23,4,4,0,0,7,0,0,0.16667,0.29167,0.45833,1.25000,0.87500,0.41667,13.34306
Rasmus Sandin,sandira01,WSH,D,24,4,9,13,27,14.815,25,43,440.90,6,3,1,0,8,1,0,0.16667,0.37500,0.54167,1.12500,1.04167,1.79167,18.37083
Brandon Duhaime,duhaibr01,WSH,F,24,4,4,8,31,12.903,49,24,333.75,28,4,0,0,4,0,0,0.16667,0.16667,0.33333,1.29167,2.04167,1.00000,13.90625
Brandon Saad,saadbr01,STL,F,22,4,5,9,37,10.811,4,3,325.02,2,4,0,0,3,2,0,0.18182,0.22727,0.40909,1.68182,0.18182,0.13636,14.77348
Jakub Vrana,vranaja01,WSH,F,16,4,3,7,18,22.222,6,4,165.20,4,3,1,0,3,0,0,0.25000,0.18750,0.43750,1.12500,0.37500,0.25000,10.32500
Nick Bjugstad,bjugsni01,ARI,F,16,4,3,7,24,16.667,22,9,206.47,6,3,1,0,3,0,0,0.25000,0.18750,0.43750,1.50000,1.37500,0.56250,12.90417
William Karlsson,karlswi01,VEG,F,16,4,7,11,35,11.429,6,17,266.67,0,3,0,1,5,2,0,0.25000,0.43750,0.68750,2.18750,0.37500,1.06250,16.66667
Blake Lizotte,lizotbl01,PIT,F,10,4,1,5,13,30.769,15,8,103.53,2,4,0,0,1,0,0,0.40000,0.10000,0.50000,1.30000,1.50000,0.80000,10.35333
Artturi Lehkonen,lehkoar01,COL,F,13,4,5,9,29,13.793,7,7,265.08,4,3,1,0,4,1,0,0.30769,0.38462,0.69231,2.23077,0.53846,0.53846,20.39103
Owen Power,powerow01,BUF,D,24,3,12,15,43,6.977,8,35,528.88,6,3,0,0,12,0,0,0.12500,0.50000,0.62500,1.79167,0.33333,1.45833,22.03681
Jordan Greenway,greenjo02,BUF,F,16,3,3,6,20,15.000,35,16,260.50,11,3,0,0,3,0,0,0.18750,0.18750,0.37500,1.25000,2.18750,1.00000,16.28125
Zach Benson,bensoza01,BUF,F,18,3,3,6,25,12.000,10,8,268.07,22,2,1,0,3,0,0,0.16667,0.16667,0.33333,1.38889,0.55556,0.44444,14.89259
Ondrej Palat,palaton01,NJD,F,26,3,4,7,30,10.000,46,16,350.40,4,3,0,0,4,0,0,0.11538,0.15385,0.26923,1.15385,1.76923,0.61538,13.47692
Seamus Casey,caseyse01,NJD,D,8,3,1,4,6,50.000,4,7,95.70,0,1,2,0,1,0,0,0.37500,0.12500,0.50000,0.75000,0.50000,0.87500,11.96250
Tomas Tatar,tatarto01,NJD,F,26,3,6,9,26,11.538,24,5,280.32,6,2,1,0,4,2,0,0.11538,0.23077,0.34615,1.00000,0.92308,0.19231,10.78141
Peyton Krebs,krebspe01,BUF,F,23,3,4,7,17,17.647,32,5,291.03,15,3,0,0,4,0,0,0.13043,0.17391,0.30435,0.73913,1.39130,0.21739,12.65362
Trent Frederic,fredetr01,BOS,F,25,3,4,7,34,8.824,66,8,343.55,21,3,0,0,3,1,0,0.12000,0.16000,0.28000,1.36000,2.64000,0.32000,13.74200
Charlie McAvoy,mcavoch01,BOS,D,25,3,5,8,49,6.122,43,37,596.52,26,2,1,0,4,1,0,0.12000,0.20000,0.32000,1.96000,1.72000,1.48000,23.86067
Mark Kastelic,kastema01,BOS,F,24,3,4,7,17,17.647,93,15,276.25,36,3,0,0,4,0,0,0.12500,0.16667,0.29167,0.70833,3.87500,0.62500,11.51042
Elias Lindholm,lindhel01,BOS,F,25,3,10,13,35,8.571,39,28,461.72,2,2,1,0,6,3,1,0.12000,0.40000,0.52000,1.40000,1.56000,1.12000,18.46867
Hampus Lindholm,lindhha01,BOS,D,17,3,4,7,36,8.333,5,17,354.55,4,3,0,0,3,1,0,0.17647,0.23529,0.41176,2.11765,0.29412,1.00000,20.85588
Eetu Luostarinen,luostee01,FLA,F,25,3,8,11,28,10.714,47,17,392.05,8,3,0,0,7,0,1,0.12000,0.32000,0.44000,1.12000,1.88000,0.68000,15.68200
A.J. Greer,greeraj01,FLA,F,25,3,5,8,33,9.091,67,10,256.28,36,3,0,0,5,0,0,0.12000,0.20000,0.32000,1.32000,2.68000,0.40000,10.25133
Gustav Forsling,forslgu02,FLA,D,25,3,8,11,48,6.250,21,20,546.10,8,1,0,1,7,0,1,0.12000,0.32000,0.44000,1.92000,0.84000,0.80000,21.84400
Dmitry Kulikov,kulikdm01,FLA,D,25,3,2,5,25,12.000,42,23,470.63,8,3,0,0,2,0,0,0.12000,0.08000,0.20000,1.00000,1.68000,0.92000,18.82533
Yanni Gourde,gourdya01,SEA,F,25,3,7,10,30,10.000,38,16,369.88,32,3,0,0,7,0,0,0.12000,0.28000,0.40000,1.20000,1.52000,0.64000,14.79533
Ryker Evans,evansry01,SEA,D,25,3,12,15,30,10.000,40,42,521.92,10,3,0,0,10,2,0,0.12000,0.48000,0.60000,1.20000,1.60000,1.68000,20.87667
Nathan Walker,walkena01,STL,F,19,3,2,5,23,13.043,64,14,210.83,6,3,0,0,2,0,0,0.15789,0.10526,0.26316,1.21053,3.36842,0.73684,11.09649
Michael Kesselring,kessemi01,ARI,D,24,3,9,12,42,7.143,32,21,463.82,19,3,0,0,8,1,0,0.12500,0.37500,0.50000,1.75000,1.33333,0.87500,19.32569
Matias Maccelli,maccema01,ARI,F,24,3,6,9,30,10.000,3,4,336.48,0,3,0,0,5,1,0,0.12500,0.25000,0.37500,1.25000,0.12500,0.16667,14.02014
Philipp Kurashev,kurasph01,CHI,F,20,3,2,5,24,12.500,6,10,320.03,10,2,1,0,2,0,0,0.15000,0.10000,0.25000,1.20000,0.30000,0.50000,16.00167
Vasily Podkolzin,podkova01,EDM,F,24,3,5,8,34,8.824,53,13,308.45,11,3,0,0,5,0,0,0.12500,0.20833,0.33333,1.41667,2.20833,0.54167,12.85208
Darnell Nurse,nurseda01,EDM,D,21,3,7,10,55,5.455,34,39,441.17,18,2,0,1,6,1,0,0.14286,0.33333,0.47619,2.61905,1.61905,1.85714,21.00794
Zach Hyman,hymanza01,EDM,F,20,3,5,8,50,6.000,18,6,383.72,12,2,1,0,3,2,0,0.15000,0.25000,0.40000,2.50000,0.90000,0.30000,19.18583
Connor Brown,brownco02,EDM,F,24,3,5,8,42,7.143,3,13,337.25,4,3,0,0,4,0,1,0.12500,0.20833,0.33333,1.75000,0.12500,0.54167,14.05208
Dylan Samberg,sambedy01,WPG,D,21,3,3,6,28,10.714,25,31,426.07,18,3,0,0,3,0,0,0.14286,0.14286,0.28571,1.33333,1.19048,1.47619,20.28889
Steven Lorentz,lorenst01,TOR,F,23,3,1,4,21,14.286,56,21,256.10,0,3,0,0,1,0,0,0.13043,0.04348,0.17391,0.91304,2.43478,0.91304,11.13478
Reilly Smith,smithre01,NYR,F,22,3,9,12,31,9.677,13,13,322.70,4,3,0,0,7,2,0,0.13636,0.40909,0.54545,1.40909,0.59091,0.59091,14.66818
Drew O'Connor,oconndr01,PIT,F,26,3,5,8,44,6.818,21,25,406.80,14,3,0,0,4,1,0,0.11538,0.19231,0.30769,1.69231,0.80769,0.96154,15.64615
Kris Letang,letankr01,PIT,D,23,3,6,9,60,5.000,39,26,537.05,12,1,2,0,2,4,0,0.13043,0.26087,0.39130,2.60870,1.69565,1.13043,23.35000
Jesse Puljujarvi,puljuje01,PIT,F,20,3,5,8,34,8.824,28,5,232.65,8,3,0,0,4,1,0,0.15000,0.25000,0.40000,1.70000,1.40000,0.25000,11.63250
Mackenzie Weegar,weegama01,CGY,D,25,3,10,13,63,4.762,58,68,586.43,10,2,1,0,6,4,0,0.12000,0.40000,0.52000,2.52000,2.32000,2.72000,23.45733
Danton Heinen,heineda01,VAN,F,22,3,7,10,21,14.286,25,12,308.38,6,3,0,0,6,1,0,0.13636,0.31818,0.45455,0.95455,1.13636,0.54545,14.01742
Victor Olofsson,olofsvi01,VEG,F,5,3,0,3,11,27.273,2,1,77.10,2,1,2,0,0,0,0,0.60000,0.00000,0.60000,2.20000,0.40000,0.20000,15.42000
Noah Hanifin,hanifno01,VEG,D,25,3,9,12,46,6.522,14,43,511.05,6,2,1,0,8,1,0,0.12000,0.36000,0.48000,1.84000,0.56000,1.72000,20.44200
Mikey Anderson,andermi02,LAK,D,25,3,4,7,31,9.677,42,44,558.82,12,3,0,0,4,0,0,0.12000,0.16000,0.28000,1.24000,1.68000,1.76000,22.35267
Joel Edmundson,edmunjo01,LAK,D,23,3,4,7,25,12.000,39,38,473.05,14,3,0,0,4,0,0,0.13043,0.17391,0.30435,1.08696,1.69565,1.65217,20.56739
Brandt Clarke,clarkbr02,LAK,D,25,3,13,16,58,5.172,9,53,452.47,22,1,2,0,9,4,0,0.12000,0.52000,0.64000,2.32000,0.36000,2.12000,18.09867
Quinton Byfield,byfiequ01,LAK,F,25,3,8,11,44,6.818,24,3,414.40,12,2,1,0,7,1,0,0.12000,0.32000,0.44000,1.76000,0.96000,0.12000,16.57600
Trevor Lewis,lewistr01,LAK,F,25,3,4,7,25,12.000,46,15,270.58,8,3,0,0,4,0,0,0.12000,0.16000,0.28000,1.00000,1.84000,0.60000,10.82333
Vladimir Tarasenko,tarasvl01,DET,F,22,3,7,10,39,7.692,17,8,301.63,2,2,1,0,5,2,0,0.13636,0.31818,0.45455,1.77273,0.77273,0.36364,13.71061
Simon Edvinsson,edvinsi01,DET,D,22,3,6,9,29,10.345,18,44,441.73,8,3,0,0,6,0,0,0.13636,0.27273,0.40909,1.31818,0.81818,2.00000,20.07879
Patrick Kane,kanepa01,DET,F,20,3,7,10,40,7.500,7,4,347.12,4,1,2,0,4,3,0,0.15000,0.35000,0.50000,2.00000,0.35000,0.20000,17.35583
Michael Rasmussen,rasmumi01,DET,F,22,3,3,6,17,17.647,49,11,270.23,7,3,0,0,2,1,0,0.13636,0.13636,0.27273,0.77273,2.22727,0.50000,12.28333
Jonatan Berggren,berggjo02,DET,F,23,3,1,4,37,8.108,5,6,300.00,4,2,1,0,1,0,0,0.13043,0.04348,0.17391,1.60870,0.21739,0.26087,13.04348
J.T. Compher,comphj.01,DET,F,22,3,6,9,24,12.500,4,15,361.63,6,2,1,0,4,2,0,0.13636,0.27273,0.40909,1.09091,0.18182,0.68182,16.43788
Cole Sillinger,sillico01,CBJ,F,21,3,10,13,51,5.882,36,14,381.22,8,2,0,1,9,0,1,0.14286,0.47619,0.61905,2.42857,1.71429,0.66667,18.15317
James Van Riemsdyk,vanrija01,CBJ,F,16,3,2,5,17,17.647,2,3,174.27,0,3,0,0,2,0,0,0.18750,0.12500,0.31250,1.06250,0.12500,0.18750,10.89167
Jared Spurgeon,spurgja01,MIN,D,18,3,7,10,34,8.824,13,29,342.62,4,3,0,0,5,2,0,0.16667,0.38889,0.55556,1.88889,0.72222,1.61111,19.03426
Marcus Johansson,johanma03,MIN,F,23,3,6,9,42,7.143,18,8,366.80,2,3,0,0,6,0,0,0.13043,0.26087,0.39130,1.82609,0.78261,0.34783,15.94783
Brock Faber,faberbr01,MIN,D,24,3,9,12,31,9.677,9,26,594.40,7,2,1,0,6,3,0,0.12500,0.37500,0.50000,1.29167,0.37500,1.08333,24.76667
Wyatt Johnston,johnswy01,DAL,F,22,3,10,13,61,4.918,12,11,394.65,10,2,1,0,6,4,0,0.13636,0.45455,0.59091,2.77273,0.54545,0.50000,17.93864
Tommy Novak,novakth01,NSH,F,19,3,1,4,32,9.375,1,6,261.67,4,3,0,0,0,1,0,0.15789,0.05263,0.21053,1.68421,0.05263,0.31579,13.77193
Maxim Tsyplakov,tsyplma01,NYI,F,25,3,10,13,35,8.571,70,11,413.82,18,3,0,0,8,2,0,0.12000,0.40000,0.52000,1.40000,2.80000,0.44000,16.55267
Nate Schmidt,schmina01,FLA,D,23,3,5,8,15,20.000,29,17,323.33,7,3,0,0,2,3,0,0.13043,0.21739,0.34783,0.65217,1.26087,0.73913,14.05797
Jordan Staal,staaljo01,CAR,F,24,3,6,9,30,10.000,25,8,343.63,8,2,0,1,6,0,0,0.12500,0.25000,0.37500,1.25000,1.04167,0.33333,14.31806
Dmitry Orlov,orlovdm01,CAR,D,24,3,11,14,37,8.108,32,17,464.37,8,3,0,0,11,0,0,0.12500,0.45833,0.58333,1.54167,1.33333,0.70833,19.34861
Jesperi Kotkaniemi,kotkaje01,CAR,F,24,3,10,13,46,6.522,15,10,318.33,20,3,0,0,10,0,0,0.12500,0.41667,0.54167,1.91667,0.62500,0.41667,13.26389
Jack Drury,druryja01,CAR,F,24,3,5,8,38,7.895,13,16,309.08,4,3,0,0,4,1,0,0.12500,0.20833,0.33333,1.58333,0.54167,0.66667,12.87847
Conor Geekie,geekico01,TBL,F,23,3,3,6,27,11.111,37,9,291.97,6,2,1,0,3,0,0,0.13043,0.13043,0.26087,1.17391,1.60870,0.39130,12.69420
Morgan Frost,frostmo01,PHI,F,21,3,7,10,36,8.333,17,20,302.32,10,3,0,0,4,3,0,0.14286,0.33333,0.47619,1.71429,0.80952,0.95238,14.39603
Scott Laughton,laughsc01,PHI,F,25,3,6,9,41,7.317,67,14,351.10,6,3,0,0,5,0,1,0.12000,0.24000,0.36000,1.64000,2.68000,0.56000,14.04400
Joel Farabee,farabjo01,PHI,F,25,3,5,8,53,5.660,30,17,380.13,11,3,0,0,3,2,0,0.12000,0.20000,0.32000,2.12000,1.20000,0.68000,15.20533
Isac Lundestrom,lundeis01,ANA,F,20,3,1,4,19,15.789,10,22,274.13,2,3,0,0,1,0,0,0.15000,0.05000,0.20000,0.95000,0.50000,1.10000,13.70667
Cutter Gauthier,gauthcu01,ANA,F,22,3,7,10,50,6.000,16,12,298.23,2,1,2,0,5,2,0,0.13636,0.31818,0.45455,2.27273,0.72727,0.54545,13.55606
Brett Leason,leasobr01,ANA,F,17,3,6,9,23,13.043,17,11,209.93,8,3,0,0,5,1,0,0.17647,0.35294,0.52941,1.35294,1.00000,0.64706,12.34902
Brock McGinn,mcginbr01,ANA,F,17,3,3,6,15,20.000,42,21,199.58,0,3,0,0,3,0,0,0.17647,0.17647,0.35294,0.88235,2.47059,1.23529,11.74020
Pavel Mintyukov,mintypa01,ANA,D,21,3,3,6,28,10.714,17,38,417.55,2,3,0,0,2,1,0,0.14286,0.14286,0.28571,1.33333,0.80952,1.80952,19.88333
Pierre-Luc Dubois,duboipi01,WSH,F,24,3,13,16,35,8.571,24,22,387.40,16,3,0,0,10,3,0,0.12500,0.54167,0.66667,1.45833,1.00000,0.91667,16.14167
John Carlson,carlsjo01,WSH,D,24,3,16,19,62,4.839,22,41,566.08,6,2,1,0,10,6,0,0.12500,0.66667,0.79167,2.58333,0.91667,1.70833,23.58681
Michael Eyssimont,eyssimi01,TBL,F,22,3,1,4,45,6.667,25,11,228.50,26,3,0,0,1,0,0,0.13636,0.04545,0.18182,2.04545,1.13636,0.50000,10.38636
Timothy Liljegren,liljeti01,SJS,D,16,3,2,5,27,11.111,21,21,289.57,10,3,0,0,1,1,0,0.18750,0.12500,0.31250,1.68750,1.31250,1.31250,18.09792
Justin Danforth,danfoju01,CBJ,F,19,3,5,8,43,6.977,36,22,305.28,4,2,0,1,4,1,0,0.15789,0.26316,0.42105,2.26316,1.89474,1.15789,16.06754
Pierre Engvall,engvapi01,NYI,F,16,3,2,5,24,12.500,6,2,193.62,10,3,0,0,2,0,0,0.18750,0.12500,0.31250,1.50000,0.37500,0.12500,12.10104
Valeri Nichushkin,nichuva01,COL,F,8,3,3,6,15,20.000,7,4,140.78,2,2,1,0,3,0,0,0.37500,0.37500,0.75000,1.87500,0.87500,0.50000,17.59792
Nathan Bastian,bastina01,NJD,F,12,2,3,5,11,18.182,18,7,125.70,21,1,0,1,3,0,0,0.16667,0.25000,0.41667,0.91667,1.50000,0.58333,10.47500
Jiri Kulich,kulicji01,BUF,F,15,2,0,2,35,5.714,14,6,210.90,4,2,0,0,0,0,0,0.13333,0.00000,0.13333,2.33333,0.93333,0.40000,14.06000
John Beecher,beechjo01,BOS,F,24,2,4,6,16,12.500,28,25,280.65,4,2,0,0,4,0,0,0.08333,0.16667,0.25000,0.66667,1.16667,1.04167,11.69375
Morgan Geekie,geekimo01,BOS,F,20,2,3,5,36,5.556,28,4,282.85,4,2,0,0,2,1,0,0.10000,0.15000,0.25000,1.80000,1.40000,0.20000,14.14250
Tye Kartye,kartyty01,SEA,F,24,2,2,4,27,7.407,79,8,245.88,16,2,0,0,2,0,0,0.08333,0.08333,0.16667,1.12500,3.29167,0.33333,10.24514
Jamie Oleksiak,oleksja01,SEA,D,25,2,3,5,26,7.692,21,53,474.82,6,2,0,0,3,0,0,0.08000,0.12000,0.20000,1.04000,0.84000,2.12000,18.99267
Chandler Stephenson,stephch02,SEA,F,24,2,14,16,22,9.091,7,9,460.33,6,2,0,0,7,7,0,0.08333,0.58333,0.66667,0.91667,0.29167,0.37500,19.18056
Philip Broberg,brobeph01,STL,D,13,2,7,9,14,14.286,11,12,258.98,6,2,0,0,6,1,0,0.15385,0.53846,0.69231,1.07692,0.84615,0.92308,19.92179
Radek Faksa,faksara01,STL,F,25,2,4,6,24,8.333,44,16,330.27,12,2,0,0,4,0,0,0.08000,0.16000,0.24000,0.96000,1.76000,0.64000,13.21067
Mathieu Joseph,josepma01,STL,F,16,2,2,4,20,10.000,25,6,197.97,6,2,0,0,2,0,0,0.12500,0.12500,0.25000,1.25000,1.56250,0.37500,12.37292
Robert Thomas,thomaro01,STL,F,13,2,8,10,27,7.407,2,14,271.53,6,2,0,0,5,3,0,0.15385,0.61538,0.76923,2.07692,0.15385,1.07692,20.88718
Kasperi Kapanen,kapanka01,STL,F,14,2,1,3,14,14.286,25,3,164.28,2,2,0,0,1,0,0,0.14286,0.07143,0.21429,1.00000,1.78571,0.21429,11.73452
Nick Schmaltz,schmani01,ARI,F,24,2,17,19,53,3.774,6,12,439.83,6,1,1,0,13,4,0,0.08333,0.70833,0.79167,2.20833,0.25000,0.50000,18.32639
Ilya Mikheyev,mikheil01,CHI,F,21,2,2,4,31,6.452,10,5,310.52,4,2,0,0,2,0,0,0.09524,0.09524,0.19048,1.47619,0.47619,0.23810,14.78651
Seth Jones,jonesse01,CHI,D,17,2,8,10,38,5.263,22,34,437.17,8,0,2,0,6,2,0,0.11765,0.47059,0.58824,2.23529,1.29412,2.00000,25.71569
Mattias Ekholm,ekholma01,EDM,D,24,2,8,10,61,3.279,18,29,552.32,6,0,2,0,8,0,0,0.08333,0.33333,0.41667,2.54167,0.75000,1.20833,23.01319
Viktor Arvidsson,arvidvi01,EDM,F,16,2,3,5,38,5.263,6,4,250.93,6,2,0,0,2,1,0,0.12500,0.18750,0.31250,2.37500,0.37500,0.25000,15.68333
Adam Henrique,henriad01,EDM,F,24,2,5,7,41,4.878,19,24,350.30,8,2,0,0,5,0,0,0.08333,0.20833,0.29167,1.70833,0.79167,1.00000,14.59583
Rasmus Kupari,kuparra01,WPG,F,23,2,1,3,27,7.407,22,9,228.08,6,2,0,0,1,0,0,0.08696,0.04348,0.13043,1.17391,0.95652,0.39130,9.91667
Josh Morrissey,morrijo04,WPG,D,24,2,20,22,49,4.082,14,36,564.07,14,1,1,0,13,7,0,0.08333,0.83333,0.91667,2.04167,0.58333,1.50000,23.50278
Morgan Barron,barromo01,WPG,F,24,2,1,3,26,7.692,41,15,262.88,6,0,0,2,1,0,0,0.08333,0.04167,0.12500,1.08333,1.70833,0.62500,10.95347
Colin Miller,milleco02,WPG,D,23,2,5,7,28,7.143,29,15,302.93,16,2,0,0,5,0,0,0.08696,0.21739,0.30435,1.21739,1.26087,0.65217,13.17101
Joel Armia,armiajo01,MTL,F,23,2,8,10,29,6.897,32,13,340.88,12,1,0,1,5,3,0,0.08696,0.34783,0.43478,1.26087,1.39130,0.56522,14.82101
Christian Dvorak,dvorach01,MTL,F,23,2,6,8,28,7.143,9,24,322.97,0,2,0,0,5,1,0,0.08696,0.26087,0.34783,1.21739,0.39130,1.04348,14.04203
Mike Matheson,mathemi01,MTL,D,21,2,12,14,33,6.061,6,51,507.93,19,1,1,0,6,6,0,0.09524,0.57143,0.66667,1.57143,0.28571,2.42857,24.18730
Juraj Slafkovsky,slafkju01,MTL,F,20,2,12,14,24,8.333,52,17,335.25,10,1,1,0,8,4,0,0.10000,0.60000,0.70000,1.20000,2.60000,0.85000,16.76250
Kaiden Guhle,guhleka01,MTL,D,18,2,4,6,20,10.000,25,47,389.45,10,2,0,0,4,0,0,0.11111,0.22222,0.33333,1.11111,1.38889,2.61111,21.63611
Max Pacioretty,pacioma01,TOR,F,13,2,4,6,24,8.333,39,5,158.28,6,2,0,0,4,0,0,0.15385,0.30769,0.46154,1.84615,3.00000,0.38462,12.17564
Nicholas Robertson,roberni01,TOR,F,20,2,0,2,31,6.452,16,10,248.02,4,2,0,0,0,0,0,0.10000,0.00000,0.10000,1.55000,0.80000,0.50000,12.40083
Braden Schneider,schnebr01,NYR,D,23,2,6,8,33,6.061,34,37,367.67,6,2,0,0,6,0,0,0.08696,0.26087,0.34783,1.43478,1.47826,1.60870,15.98551
Adam Edstrom,edstrad01,NYR,F,23,2,1,3,17,11.765,42,12,193.13,11,2,0,0,1,0,0,0.08696,0.04348,0.13043,0.73913,1.82609,0.52174,8.39710
Jonny Brodzinski,brodzjo01,NYR,F,13,2,2,4,14,14.286,4,7,131.17,2,2,0,0,2,0,0,0.15385,0.15385,0.30769,1.07692,0.30769,0.53846,10.08974
Erik Karlsson,karlser01,PIT,D,26,2,14,16,65,3.077,8,31,584.62,4,1,1,0,10,4,0,0.07692,0.53846,0.61538,2.50000,0.30769,1.19231,22.48526
Noel Acciari,acciano01,PIT,F,26,2,3,5,31,6.452,57,35,364.22,8,2,0,0,3,0,0,0.07692,0.11538,0.19231,1.19231,2.19231,1.34615,14.00833
Martin Pospisil,pospima01,CGY,F,25,2,8,10,36,5.556,61,11,315.45,33,1,1,0,6,2,0,0.08000,0.32000,0.40000,1.44000,2.44000,0.44000,12.61800
Kevin Rooney,rooneke01,CGY,F,17,2,0,2,15,13.333,27,8,154.53,8,2,0,0,0,0,0,0.11765,0.00000,0.11765,0.88235,1.58824,0.47059,9.09020
Nils Hoglander,hoglani01,VAN,F,22,2,3,5,24,8.333,30,7,262.87,16,2,0,0,3,0,0,0.09091,0.13636,0.22727,1.09091,1.36364,0.31818,11.94848
Daniel Sprong,spronda01,VAN,F,15,2,2,4,31,6.452,7,0,169.60,2,1,1,0,2,0,0,0.13333,0.13333,0.26667,2.06667,0.46667,0.00000,11.30667
Aatu Raty,ratyaa01,VAN,F,15,2,1,3,10,20.000,39,3,148.73,8,2,0,0,1,0,0,0.13333,0.06667,0.20000,0.66667,2.60000,0.20000,9.91556
Miles Wood,woodmi01,COL,F,16,2,1,3,30,6.667,16,8,181.47,12,2,0,0,1,0,0,0.12500,0.06250,0.18750,1.87500,1.00000,0.50000,11.34167
Jonathan Drouin,drouijo01,COL,F,5,2,2,4,6,33.333,0,4,103.35,0,2,0,0,1,1,0,0.40000,0.40000,0.80000,1.20000,0.00000,0.80000,20.67000
Samuel Girard,girarsa01,COL,D,25,2,12,14,27,7.407,24,44,503.57,4,2,0,0,11,1,0,0.08000,0.48000,0.56000,1.08000,0.96000,1.76000,20.14267
Logan O'Connor,oconnlo01,COL,F,25,2,2,4,28,7.143,32,12,381.37,11,2,0,0,2,0,0,0.08000,0.08000,0.16000,1.12000,1.28000,0.48000,15.25467
Alex Pietrangelo,pietral01,VEG,D,22,2,13,15,45,4.444,20,35,486.15,4,2,0,0,12,0,1,0.09091,0.59091,0.68182,2.04545,0.90909,1.59091,22.09773
Vladislav Gavrikov,gavrivl01,LAK,D,25,2,9,11,28,7.143,12,54,565.85,6,2,0,0,9,0,0,0.08000,0.36000,0.44000,1.12000,0.48000,2.16000,22.63400
Tanner Jeannot,jeannta01,LAK,F,22,2,1,3,18,11.111,66,9,243.10,42,2,0,0,1,0,0,0.09091,0.04545,0.13636,0.81818,3.00000,0.40909,11.05000
Phillip Danault,danauph01,LAK,F,25,2,11,13,41,4.878,24,20,416.38,6,2,0,0,10,0,1,0.08000,0.44000,0.52000,1.64000,0.96000,0.80000,16.65533
Alex Turcotte,turcoal02,LAK,F,20,2,6,8,20,10.000,9,6,233.97,4,2,0,0,6,0,0,0.10000,0.30000,0.40000,1.00000,0.45000,0.30000,11.69833
Moritz Seider,seidemo01,DET,D,23,2,11,13,41,4.878,56,53,541.57,16,2,0,0,6,5,0,0.08696,0.47826,0.56522,1.78261,2.43478,2.30435,23.54638
Sean Kuraly,kuralse01,CBJ,F,22,2,3,5,21,9.524,39,12,231.40,10,2,0,0,3,0,0,0.09091,0.13636,0.22727,0.95455,1.77273,0.54545,10.51818
Zach Bogosian,bogosza01,MIN,D,24,2,2,4,27,7.407,24,27,371.05,17,2,0,0,2,0,0,0.08333,0.08333,0.16667,1.12500,1.00000,1.12500,15.46042
Jakub Lauko,laukoja01,MIN,F,21,2,2,4,18,11.111,42,15,209.38,11,1,0,1,2,0,0,0.09524,0.09524,0.19048,0.85714,2.00000,0.71429,9.97063
Jonas Brodin,brodijo01,MIN,D,19,2,6,8,36,5.556,9,45,420.65,4,2,0,0,5,0,1,0.10526,0.31579,0.42105,1.89474,0.47368,2.36842,22.13947
Sam Steel,steelsa01,DAL,F,21,2,7,9,22,9.091,22,7,272.78,6,2,0,0,7,0,0,0.09524,0.33333,0.42857,1.04762,1.04762,0.33333,12.98968
Thomas Harley,harleth01,DAL,D,22,2,8,10,44,4.545,10,26,467.47,6,2,0,0,8,0,0,0.09091,0.36364,0.45455,2.00000,0.45455,1.18182,21.24848
Esa Lindell,lindees01,DAL,D,22,2,6,8,31,6.452,18,42,481.45,6,2,0,0,6,0,0,0.09091,0.27273,0.36364,1.40909,0.81818,1.90909,21.88409
Colin Blackwell,blackco01,DAL,F,17,2,3,5,20,10.000,27,1,198.05,4,1,0,1,3,0,0,0.11765,0.17647,0.29412,1.17647,1.58824,0.05882,11.65000
Brady Skjei,skjeibr01,NSH,D,25,2,7,9,54,3.704,22,25,508.35,10,1,1,0,6,1,0,0.08000,0.28000,0.36000,2.16000,0.88000,1.00000,20.33400
Colton Sissons,sissoco01,NSH,F,24,2,0,2,19,10.526,36,27,330.37,12,2,0,0,0,0,0,0.08333,0.00000,0.08333,0.79167,1.50000,1.12500,13.76528
Philip Tomasino,tomasph01,NSH,F,14,2,1,3,29,6.897,10,4,170.45,0,1,1,0,1,0,0,0.14286,0.07143,0.21429,2.07143,0.71429,0.28571,12.17500
Michael McCarron,mccarmi01,NSH,F,18,2,2,4,16,12.500,35,10,223.20,30,2,0,0,2,0,0,0.11111,0.11111,0.22222,0.88889,1.94444,0.55556,12.40000
Dante Fabbro,fabbrda01,NSH,D,14,2,3,5,18,11.111,11,21,254.87,6,2,0,0,3,0,0,0.14286,0.21429,0.35714,1.28571,0.78571,1.50000,18.20476
Luke Evangelista,evanglu01,NSH,F,23,2,8,10,41,4.878,11,5,285.33,10,2,0,0,7,1,0,0.08696,0.34783,0.43478,1.78261,0.47826,0.21739,12.40580
Cole Smith,smithco02,NSH,F,25,2,2,4,20,10.000,58,12,318.88,15,2,0,0,1,0,1,0.08000,0.08000,0.16000,0.80000,2.32000,0.48000,12.75533
Anthony Duclair,duclaan01,NYI,F,5,2,1,3,9,22.222,2,1,82.52,0,1,1,0,1,0,0,0.40000,0.20000,0.60000,1.80000,0.40000,0.20000,16.50333
Mathew Barzal,barzama01,NYI,F,10,2,3,5,23,8.696,9,9,212.07,2,1,1,0,1,2,0,0.20000,0.30000,0.50000,2.30000,0.90000,0.90000,21.20667
Noah Gregor,gregono01,OTT,F,18,2,1,3,28,7.143,37,11,233.35,8,1,0,1,1,0,0,0.11111,0.05556,0.16667,1.55556,2.05556,0.61111,12.96389
Michael Amadio,amadimi01,OTT,F,23,2,2,4,28,7.143,25,11,322.17,10,2,0,0,2,0,0,0.08696,0.08696,0.17391,1.21739,1.08696,0.47826,14.00725
Ridly Greig,greigri01,OTT,F,20,2,5,7,23,8.696,33,9,296.82,10,1,1,0,3,2,0,0.10000,0.25000,0.35000,1.15000,1.65000,0.45000,14.84083
Barclay Goodrow,goodrba01,SJS,F,25,2,0,2,31,6.452,47,20,369.20,23,1,0,1,0,0,0,0.08000,0.00000,0.08000,1.24000,1.88000,0.80000,14.76800
Mario Ferraro,ferrama01,SJS,D,27,2,4,6,29,6.897,70,46,537.97,10,2,0,0,4,0,0,0.07407,0.14815,0.22222,1.07407,2.59259,1.70370,19.92469
Zachary Bolduc,bolduza01,STL,F,19,2,5,7,23,8.696,28,11,208.28,12,2,0,0,5,0,0,0.10526,0.26316,0.36842,1.21053,1.47368,0.57895,10.96228
Sean Walker,walkese01,CAR,D,24,2,2,4,38,5.263,17,25,377.23,16,2,0,0,2,0,0,0.08333,0.08333,0.16667,1.58333,0.70833,1.04167,15.71806
William Carrier,carriwi01,CAR,F,24,2,3,5,25,8.000,72,5,278.88,10,2,0,0,3,0,0,0.08333,0.12500,0.20833,1.04167,3.00000,0.20833,11.62014
Jalen Chatfield,chatfja01,CAR,D,24,2,7,9,33,6.061,15,22,422.02,10,2,0,0,7,0,0,0.08333,0.29167,0.37500,1.37500,0.62500,0.91667,17.58403
J.J. Moser,moserja01,TBL,D,23,2,6,8,23,8.696,19,33,442.90,12,1,0,1,5,1,0,0.08696,0.26087,0.34783,1.00000,0.82609,1.43478,19.25652
Nick Perbix,perbini01,TBL,D,19,2,4,6,25,8.000,18,17,255.75,8,2,0,0,4,0,0,0.10526,0.21053,0.31579,1.31579,0.94737,0.89474,13.46053
Cam Atkinson,atkinca01,TBL,F,15,2,1,3,20,10.000,4,4,145.67,2,1,1,0,1,0,0,0.13333,0.06667,0.20000,1.33333,0.26667,0.26667,9.71111
Cam York,yorkca01,PHI,D,12,2,1,3,14,14.286,7,19,269.83,8,2,0,0,1,0,0,0.16667,0.08333,0.25000,1.16667,0.58333,1.58333,22.48611
Garnet Hathaway,hathaga01,PHI,F,25,2,6,8,35,5.714,77,30,304.83,20,2,0,0,6,0,0,0.08000,0.24000,0.32000,1.40000,3.08000,1.20000,12.19333
Justin Kirkland,kirklju01,CGY,F,21,2,6,8,9,22.222,45,16,195.63,11,2,0,0,6,0,0,0.09524,0.28571,0.38095,0.42857,2.14286,0.76190,9.31587
Zack MacEwen,macewza01,OTT,F,19,2,1,3,23,8.696,44,7,149.80,16,2,0,0,1,0,0,0.10526,0.05263,0.15789,1.21053,2.31579,0.36842,7.88421
Mason McTavish,mctavma01,ANA,F,16,2,7,9,29,6.897,11,8,242.57,14,1,1,0,3,4,0,0.12500,0.43750,0.56250,1.81250,0.68750,0.50000,15.16042
Robby Fabbri,fabbrro01,ANA,F,14,2,0,2,13,15.385,28,12,231.65,6,2,0,0,0,0,0,0.14286,0.00000,0.14286,0.92857,2.00000,0.85714,16.54643
Juuso Parssinen,parssju01,NSH,F,13,2,3,5,10,20.000,25,8,147.83,0,2,0,0,2,1,0,0.15385,0.23077,0.38462,0.76923,1.92308,0.61538,11.37179
Lukas Reichel,reichlu01,CHI,F,19,2,6,8,32,6.250,7,12,235.03,4,2,0,0,5,1,0,0.10526,0.31579,0.42105,1.68421,0.36842,0.63158,12.37018
Erik Brannstrom,branner01,VAN,D,19,2,4,6,24,8.333,11,25,285.87,4,2,0,0,4,0,0,0.10526,0.21053,0.31579,1.26316,0.57895,1.31579,15.04561
Marco Kasper,kaspema01,DET,F,19,2,3,5,31,6.452,27,13,270.17,8,0,2,0,2,1,0,0.10526,0.15789,0.26316,1.63158,1.42105,0.68421,14.21930
Jayden Struble,strubja01,MTL,D,17,2,3,5,22,9.091,32,16,252.70,25,2,0,0,3,0,0,0.11765,0.17647,0.29412,1.29412,1.88235,0.94118,14.86471
Jackson Lacombe,lacomja01,ANA,D,16,2,2,4,21,9.524,10,34,275.28,4,2,0,0,1,1,0,0.12500,0.12500,0.25000,1.31250,0.62500,2.12500,17.20521
Jack Thompson,thompja01,SJS,D,13,2,3,5,17,11.765,6,20,207.05,4,2,0,0,0,3,0,0.15385,0.23077,0.38462,1.30769,0.46154,1.53846,15.92692
Zachary L'Heureux,lheurza01,NSH,F,20,2,3,5,20,10.000,55,5,197.73,10,2,0,0,3,0,0,0.10000,0.15000,0.25000,1.00000,2.75000,0.25000,9.88667
Scott Perunovich,perunsc01,STL,D,15,2,2,4,5,40.000,8,18,234.98,6,2,0,0,2,0,0,0.13333,0.13333,0.26667,0.33333,0.53333,1.20000,15.66556
Oskar Sundqvist,sundqos01,STL,F,16,2,1,3,8,25.000,26,14,191.25,12,1,1,0,1,0,0,0.12500,0.06250,0.18750,0.50000,1.62500,0.87500,11.95313
Dennis Cholowski,cholode01,NYI,D,17,2,4,6,14,14.286,2,14,192.37,2,2,0,0,3,1,0,0.11765,0.23529,0.35294,0.82353,0.11765,0.82353,11.31569
Justin Dowling,dowliju01,NJD,F,15,2,1,3,12,16.667,15,4,113.33,0,2,0,0,1,0,0,0.13333,0.06667,0.20000,0.80000,1.00000,0.26667,7.55556
Jimmy Vesey,veseyji02,NYR,F,13,2,1,3,11,18.182,10,5,128.42,0,2,0,0,1,0,0,0.15385,0.07692,0.23077,0.84615,0.76923,0.38462,9.87821
Anthony Richard,richaan01,PHI,F,7,2,4,6,10,20.000,4,7,83.40,0,2,0,0,3,1,0,0.28571,0.57143,0.85714,1.42857,0.57143,1.00000,11.91429
Mattias Samuelsson,samuema02,BUF,D,13,1,0,1,15,6.667,23,13,208.63,2,1,0,0,0,0,0,0.07692,0.00000,0.07692,1.15385,1.76923,1.00000,16.04872
Jack Quinn,quinnja01,BUF,F,23,1,4,5,40,2.500,15,13,345.48,4,1,0,0,2,2,0,0.04348,0.17391,0.21739,1.73913,0.65217,0.56522,15.02101
Henri Jokiharju,jokihhe01,BUF,D,18,1,2,3,22,4.545,14,17,321.28,4,1,0,0,2,0,0,0.05556,0.11111,0.16667,1.22222,0.77778,0.94444,17.84907
Beck Malenstyn,malenbe01,BUF,F,24,1,2,3,20,5.000,52,22,233.07,8,1,0,0,2,0,0,0.04167,0.08333,0.12500,0.83333,2.16667,0.91667,9.71111
Sam Lafferty,laffesa01,BUF,F,22,1,0,1,13,7.692,26,7,215.30,14,1,0,0,0,0,0,0.04545,0.00000,0.04545,0.59091,1.18182,0.31818,9.78636
Johnathan Kovacevic,kovacjo01,NJD,D,27,1,8,9,28,3.571,31,33,536.38,25,1,0,0,8,0,0,0.03704,0.29630,0.33333,1.03704,1.14815,1.22222,19.86605
Curtis Lazar,lazarcu01,NJD,F,12,1,1,2,8,12.500,34,3,126.70,4,1,0,0,1,0,0,0.08333,0.08333,0.16667,0.66667,2.83333,0.25000,10.55833
Brenden Dillon,dillobr01,NJD,D,27,1,5,6,15,6.667,71,46,477.38,37,1,0,0,5,0,0,0.03704,0.18519,0.22222,0.55556,2.62963,1.70370,17.68086
Jonas Siegenthaler,siegejo01,NJD,D,27,1,6,7,25,4.000,43,55,534.70,12,1,0,0,6,0,0,0.03704,0.22222,0.25926,0.92593,1.59259,2.03704,19.80370
Nikita Zadorov,zadorni01,BOS,D,25,1,6,7,32,3.125,69,25,485.17,50,1,0,0,6,0,0,0.04000,0.24000,0.28000,1.28000,2.76000,1.00000,19.40667
Brandon Carlo,carlobr01,BOS,D,25,1,2,3,26,3.846,37,63,461.42,6,1,0,0,2,0,0,0.04000,0.08000,0.12000,1.04000,1.48000,2.52000,18.45667
Mason Lohrei,lohrema01,BOS,D,21,1,7,8,22,4.545,6,21,376.20,4,1,0,0,4,3,0,0.04762,0.33333,0.38095,1.04762,0.28571,1.00000,17.91429
Jonah Gadjovich,gadjojo01,FLA,F,12,1,0,1,6,16.667,37,1,86.90,10,1,0,0,0,0,0,0.08333,0.00000,0.08333,0.50000,3.08333,0.08333,7.24167
Aaron Ekblad,ekblaaa01,FLA,D,25,1,12,13,37,2.703,36,35,557.87,27,1,0,0,7,3,2,0.04000,0.48000,0.52000,1.48000,1.44000,1.40000,22.31467
Niko Mikkola,mikkoni01,FLA,D,25,1,9,10,33,3.030,32,33,503.88,22,1,0,0,9,0,0,0.04000,0.36000,0.40000,1.32000,1.28000,1.32000,20.15533
Adam Boqvist,boqviad01,FLA,D,11,1,2,3,14,7.143,4,7,131.12,2,1,0,0,0,2,0,0.09091,0.18182,0.27273,1.27273,0.36364,0.63636,11.91970
Vince Dunn,dunnvi02,SEA,D,5,1,2,3,14,7.143,6,11,101.53,2,1,0,0,0,2,0,0.20000,0.40000,0.60000,2.80000,1.20000,2.20000,20.30667
Adam Larsson,larssad01,SEA,D,25,1,2,3,40,2.500,35,52,499.67,17,1,0,0,2,0,0,0.04000,0.08000,0.12000,1.60000,1.40000,2.08000,19.98667
Will Borgen,borgewi01,SEA,D,25,1,1,2,20,5.000,37,26,366.17,7,1,0,0,1,0,0,0.04000,0.04000,0.08000,0.80000,1.48000,1.04000,14.64667
Andre Burakovsky,burakan01,SEA,F,25,1,8,9,33,3.030,10,11,351.03,4,1,0,0,6,2,0,0.04000,0.32000,0.36000,1.32000,0.40000,0.44000,14.04133
Alexey Toropchenko,toropal01,STL,F,23,1,3,4,23,4.348,45,17,278.40,13,1,0,0,3,0,0,0.04348,0.13043,0.17391,1.00000,1.95652,0.73913,12.10435
Ryan Suter,suterry01,STL,D,25,1,4,5,25,4.000,17,36,571.03,14,1,0,0,4,0,0,0.04000,0.16000,0.20000,1.00000,0.68000,1.44000,22.84133
Alexandre Texier,texieal01,STL,F,13,1,2,3,21,4.762,8,5,168.27,2,1,0,0,1,1,0,0.07692,0.15385,0.23077,1.61538,0.61538,0.38462,12.94359
Justin Faulk,faulkju01,STL,D,25,1,6,7,48,2.083,27,41,586.02,10,1,0,0,3,3,0,0.04000,0.24000,0.28000,1.92000,1.08000,1.64000,23.44067
Ian Cole,coleia01,ARI,D,24,1,6,7,23,4.348,32,65,496.33,27,1,0,0,6,0,0,0.04167,0.25000,0.29167,0.95833,1.33333,2.70833,20.68056
Kevin Stenlund,stenlke01,ARI,F,24,1,3,4,31,3.226,20,16,345.30,10,1,0,0,3,0,0,0.04167,0.12500,0.16667,1.29167,0.83333,0.66667,14.38750
Vladislav Kolyachonok,kolyavl01,ARI,D,13,1,3,4,5,20.000,8,8,170.12,2,1,0,0,3,0,0,0.07692,0.23077,0.30769,0.38462,0.61538,0.61538,13.08590
Josh Doan,doanjo01,ARI,F,9,1,1,2,10,10.000,10,3,117.82,6,1,0,0,1,0,0,0.11111,0.11111,0.22222,1.11111,1.11111,0.33333,13.09074
Pat Maroon,maroopa01,CHI,F,20,1,6,7,17,5.882,36,2,240.17,18,1,0,0,6,0,0,0.05000,0.30000,0.35000,0.85000,1.80000,0.10000,12.00833
Mattias Janmark,janmama02,EDM,F,24,1,9,10,14,7.143,9,8,313.17,8,1,0,0,8,0,1,0.04167,0.37500,0.41667,0.58333,0.37500,0.33333,13.04861
Justin Barron,barroju01,MTL,D,12,1,0,1,12,8.333,13,14,187.80,8,1,0,0,0,0,0,0.08333,0.00000,0.08333,1.00000,1.08333,1.16667,15.65000
Kirby Dach,dachki01,MTL,F,23,1,7,8,42,2.381,45,14,381.50,14,1,0,0,3,4,0,0.04348,0.30435,0.34783,1.82609,1.95652,0.60870,16.58696
Oliver Ekman-Larsson,ekmanol01,TOR,D,23,1,7,8,42,2.381,35,25,486.18,22,1,0,0,7,0,0,0.04348,0.30435,0.34783,1.82609,1.52174,1.08696,21.13841
Conor Timmins,timmico01,TOR,D,21,1,3,4,20,5.000,14,25,354.58,12,1,0,0,3,0,0,0.04762,0.14286,0.19048,0.95238,0.66667,1.19048,16.88492
Pontus Holmberg,holmbpo01,TOR,F,21,1,3,4,18,5.556,8,15,280.05,15,1,0,0,3,0,0,0.04762,0.14286,0.19048,0.85714,0.38095,0.71429,13.33571
Chris Tanev,tanevch01,TOR,D,23,1,5,6,12,8.333,5,74,446.00,10,1,0,0,5,0,0,0.04348,0.21739,0.26087,0.52174,0.21739,3.21739,19.39130
Sam Carrick,carrisa01,NYR,F,23,1,3,4,22,4.545,36,11,228.97,19,1,0,0,3,0,0,0.04348,0.13043,0.17391,0.95652,1.56522,0.47826,9.95507
K'Andre Miller,milleka01,NYR,D,23,1,3,4,33,3.030,44,36,475.65,8,1,0,0,3,0,0,0.04348,0.13043,0.17391,1.43478,1.91304,1.56522,20.68043
Zac Jones,jonesza01,NYR,D,17,1,7,8,15,6.667,8,11,254.67,6,1,0,0,6,1,0,0.05882,0.41176,0.47059,0.88235,0.47059,0.64706,14.98039
Victor Mancini,mancivi01,NYR,D,10,1,3,4,13,7.692,7,12,154.17,2,1,0,0,3,0,0,0.10000,0.30000,0.40000,1.30000,0.70000,1.20000,15.41667
Marcus Pettersson,pettema01,PIT,D,26,1,9,10,29,3.448,24,47,581.43,19,1,0,0,9,0,0,0.03846,0.34615,0.38462,1.11538,0.92308,1.80769,22.36282
Andrei Kuzmenko,kuzmean01,CGY,F,25,1,8,9,30,3.333,4,6,373.28,8,1,0,0,8,0,0,0.04000,0.32000,0.36000,1.20000,0.16000,0.24000,14.93133
Daniil Miromanov,miromda01,CGY,D,23,1,3,4,30,3.333,11,30,431.52,6,1,0,0,3,0,0,0.04348,0.13043,0.17391,1.30435,0.47826,1.30435,18.76159
Jake Bean,beanja01,CGY,D,12,1,2,3,14,7.143,3,10,181.52,0,1,0,0,2,0,0,0.08333,0.16667,0.25000,1.16667,0.25000,0.83333,15.12639
Tyler Myers,myersty01,VAN,D,22,1,4,5,20,5.000,21,43,422.03,14,1,0,0,4,0,0,0.04545,0.18182,0.22727,0.90909,0.95455,1.95455,19.18333
Filip Hronek,hronefi01,VAN,D,21,1,8,9,24,4.167,36,21,495.63,18,1,0,0,6,2,0,0.04762,0.38095,0.42857,1.14286,1.71429,1.00000,23.60159
Devon Toews,toewsde01,COL,D,21,1,6,7,28,3.571,8,26,464.55,8,1,0,0,6,0,0,0.04762,0.28571,0.33333,1.33333,0.38095,1.23810,22.12143
Josh Manson,mansojo01,COL,D,24,1,5,6,27,3.704,51,34,428.97,16,1,0,0,4,1,0,0.04167,0.20833,0.25000,1.12500,2.12500,1.41667,17.87361
Calum Ritchie,ritchca01,COL,F,7,1,0,1,11,9.091,6,2,89.47,0,1,0,0,0,0,0,0.14286,0.00000,0.14286,1.57143,0.85714,0.28571,12.78095
Parker Kelly,kellypa01,COL,F,25,1,3,4,32,3.125,43,23,322.70,4,1,0,0,3,0,0,0.04000,0.12000,0.16000,1.28000,1.72000,0.92000,12.90800
Sam Malinski,malinsa01,COL,D,25,1,3,4,33,3.030,13,32,376.97,2,1,0,0,3,0,0,0.04000,0.12000,0.16000,1.32000,0.52000,1.28000,15.07867
Zach Whitecloud,whiteza01,VEG,D,21,1,1,2,23,4.348,32,40,365.00,14,1,0,0,1,0,0,0.04762,0.04762,0.09524,1.09524,1.52381,1.90476,17.38095
Brayden McNabb,mcnabbr01,VEG,D,25,1,2,3,30,3.333,43,60,507.65,14,1,0,0,2,0,0,0.04000,0.08000,0.12000,1.20000,1.72000,2.40000,20.30600
Nicolas Hague,hagueni01,VEG,D,14,1,1,2,16,6.250,22,14,232.85,11,1,0,0,1,0,0,0.07143,0.07143,0.14286,1.14286,1.57143,1.00000,16.63214
Shea Theodore,theodsh01,VEG,D,24,1,17,18,48,2.083,1,32,537.77,10,1,0,0,10,7,0,0.04167,0.70833,0.75000,2.00000,0.04167,1.33333,22.40694
Alexander Holtz,holtzal01,VEG,F,25,1,7,8,36,2.778,19,4,314.83,2,1,0,0,6,1,0,0.04000,0.28000,0.32000,1.44000,0.76000,0.16000,12.59333
Jordan Spence,spencjo01,LAK,D,24,1,4,5,28,3.571,25,30,415.57,8,1,0,0,3,1,0,0.04167,0.16667,0.20833,1.16667,1.04167,1.25000,17.31528
Tyler Motte,mottety01,DET,F,11,1,0,1,19,5.263,16,9,136.23,0,1,0,0,0,0,0,0.09091,0.00000,0.09091,1.72727,1.45455,0.81818,12.38485
Christian Fischer,fischch01,DET,F,22,1,2,3,12,8.333,38,8,242.67,9,1,0,0,2,0,0,0.04545,0.09091,0.13636,0.54545,1.72727,0.36364,11.03030
Joe Veleno,velenjo01,DET,F,20,1,1,2,17,5.882,31,11,227.73,9,1,0,0,1,0,0,0.05000,0.05000,0.10000,0.85000,1.55000,0.55000,11.38667
Mikael Pyyhtia,pyyhtmi01,CBJ,F,17,1,0,1,11,9.091,11,19,237.02,2,1,0,0,0,0,0,0.05882,0.00000,0.05882,0.64706,0.64706,1.11765,13.94216
Kevin Labanc,labanke01,CBJ,F,17,1,9,10,18,5.556,16,9,191.93,6,1,0,0,9,0,0,0.05882,0.52941,0.58824,1.05882,0.94118,0.52941,11.29020
Ivan Provorov,provoiv01,CBJ,D,22,1,6,7,30,3.333,6,32,524.78,12,0,1,0,5,1,0,0.04545,0.27273,0.31818,1.36364,0.27273,1.45455,23.85379
Oskar Back,backos01,DAL,F,17,1,3,4,13,7.692,10,2,183.50,0,1,0,0,2,0,1,0.05882,0.17647,0.23529,0.76471,0.58824,0.11765,10.79412
Alexandre Carrier,carrial01,NSH,D,25,1,5,6,21,4.762,27,44,491.30,12,1,0,0,4,0,1,0.04000,0.20000,0.24000,0.84000,1.08000,1.76000,19.65200
Luke Schenn,schenlu01,NSH,D,25,1,0,1,26,3.846,99,31,380.32,27,1,0,0,0,0,0,0.04000,0.00000,0.04000,1.04000,3.96000,1.24000,15.21267
Michael Carcone,carcomi01,ARI,F,14,1,2,3,28,3.571,10,3,152.37,19,1,0,0,1,1,0,0.07143,0.14286,0.21429,2.00000,0.71429,0.21429,10.88333
Noah Dobson,dobsono01,NYI,D,25,1,9,10,71,1.408,20,54,609.12,6,1,0,0,4,4,1,0.04000,0.36000,0.40000,2.84000,0.80000,2.16000,24.36467
Scott Mayfield,mayfisc01,NYI,D,25,1,4,5,17,5.882,46,49,463.85,17,1,0,0,4,0,0,0.04000,0.16000,0.20000,0.68000,1.84000,1.96000,18.55400
Casey Cizikas,cizikca01,NYI,F,25,1,1,2,20,5.000,52,23,314.42,2,1,0,0,1,0,0,0.04000,0.04000,0.08000,0.80000,2.08000,0.92000,12.57667
Oliver Wahlstrom,wahlsol01,NYI,F,21,1,1,2,24,4.167,6,13,203.75,7,1,0,0,0,1,0,0.04762,0.04762,0.09524,1.14286,0.28571,0.61905,9.70238
Kyle MacLean,macleky01,NYI,F,25,1,2,3,12,8.333,32,8,244.90,4,1,0,0,2,0,0,0.04000,0.08000,0.12000,0.48000,1.28000,0.32000,9.79600
Shane Pinto,pintosh01,OTT,F,15,1,2,3,24,4.167,16,10,234.50,12,1,0,0,0,1,1,0.06667,0.13333,0.20000,1.60000,1.06667,0.66667,15.63333
Jake Sanderson,sandeja01,OTT,D,23,1,13,14,47,2.128,17,48,536.20,2,0,1,0,4,8,1,0.04348,0.56522,0.60870,2.04348,0.73913,2.08696,23.31304
Thomas Chabot,chaboth01,OTT,D,23,1,11,12,55,1.818,19,41,511.77,4,1,0,0,9,2,0,0.04348,0.47826,0.52174,2.39130,0.82609,1.78261,22.25072
Nick Jensen,jenseni02,OTT,D,23,1,7,8,32,3.125,30,21,472.72,2,1,0,0,7,0,0,0.04348,0.30435,0.34783,1.39130,1.30435,0.91304,20.55290
Tyler Kleven,klevety01,OTT,D,23,1,1,2,19,5.263,33,25,318.02,8,1,0,0,1,0,0,0.04348,0.04348,0.08696,0.82609,1.43478,1.08696,13.82681
Nick Cousins,cousini01,OTT,F,21,1,3,4,29,3.448,30,4,199.68,12,1,0,0,3,0,0,0.04762,0.14286,0.19048,1.38095,1.42857,0.19048,9.50873
Cody Ceci,cecico01,SJS,D,27,1,5,6,30,3.333,26,49,580.80,8,1,0,0,5,0,0,0.03704,0.18519,0.22222,1.11111,0.96296,1.81481,21.51111
Ty Dellandrea,dellaty01,SJS,F,23,1,3,4,21,4.762,54,16,290.45,6,1,0,0,3,0,0,0.04348,0.13043,0.17391,0.91304,2.34783,0.69565,12.62826
Brent Burns,burnsbr01,CAR,D,24,1,5,6,49,2.041,4,32,493.22,6,1,0,0,5,0,0,0.04167,0.20833,0.25000,2.04167,0.16667,1.33333,20.55069
Jaccob Slavin,slavija01,CAR,D,24,1,7,8,27,3.704,8,37,490.45,2,1,0,0,7,0,0,0.04167,0.29167,0.33333,1.12500,0.33333,1.54167,20.43542
Darren Raddysh,raddyda01,TBL,D,15,1,6,7,19,5.263,4,10,227.65,2,1,0,0,6,0,0,0.06667,0.40000,0.46667,1.26667,0.26667,0.66667,15.17667
Luke Glendening,glendlu01,TBL,F,23,1,1,2,14,7.143,35,20,235.33,4,0,0,1,0,0,1,0.04348,0.04348,0.08696,0.60870,1.52174,0.86957,10.23188
Rasmus Ristolainen,ristora01,PHI,D,25,1,6,7,33,3.030,47,45,495.55,4,1,0,0,6,0,0,0.04000,0.24000,0.28000,1.32000,1.88000,1.80000,19.82200
Yegor Zamula,zamulye01,PHI,D,17,1,5,6,10,10.000,6,27,274.33,0,1,0,0,5,0,0,0.05882,0.29412,0.35294,0.58824,0.35294,1.58824,16.13725
Jamie Drysdale,drysdja01,PHI,D,15,1,2,3,12,8.333,2,28,308.65,2,0,1,0,0,2,0,0.06667,0.13333,0.20000,0.80000,0.13333,1.86667,20.57667
Erik Johnson,johnser01,PHI,D,15,1,1,2,5,20.000,23,10,200.52,9,1,0,0,0,0,1,0.06667,0.06667,0.13333,0.33333,1.53333,0.66667,13.36778
Ryan Poehling,poehlry01,PHI,F,22,1,7,8,16,6.250,10,40,305.75,10,1,0,0,7,0,0,0.04545,0.31818,0.36364,0.72727,0.45455,1.81818,13.89773
Matthew Poitras,poitrma01,BOS,F,14,1,3,4,10,10.000,6,4,178.25,6,1,0,0,3,0,0,0.07143,0.21429,0.28571,0.71429,0.42857,0.28571,12.73214
Noah Cates,catesno01,PHI,F,21,1,4,5,17,5.882,27,14,255.42,2,1,0,0,4,0,0,0.04762,0.19048,0.23810,0.80952,1.28571,0.66667,12.16270
Chris Wagner,wagnech01,COL,F,14,1,0,1,16,6.250,30,6,98.33,9,1,0,0,0,0,0,0.07143,0.00000,0.07143,1.14286,2.14286,0.42857,7.02381
Justin Holl,hollju01,DET,D,16,1,2,3,5,20.000,9,23,228.23,4,1,0,0,2,0,0,0.06250,0.12500,0.18750,0.31250,0.56250,1.43750,14.26458
Klim Kostin,kostikl01,SJS,F,15,1,3,4,11,9.091,45,2,138.15,17,1,0,0,3,0,0,0.06667,0.20000,0.26667,0.73333,3.00000,0.13333,9.21000
Matt Roy,royma04,WSH,D,14,1,4,5,17,5.882,28,21,242.65,6,1,0,0,4,0,0,0.07143,0.28571,0.35714,1.21429,2.00000,1.50000,17.33214
Tyson Barrie,barrity01,CGY,D,9,1,1,2,12,8.333,8,8,137.98,2,1,0,0,0,1,0,0.11111,0.11111,0.22222,1.33333,0.88889,0.88889,15.33148
Declan Chisholm,chishde01,MIN,D,18,1,5,6,21,4.762,5,13,277.77,2,1,0,0,4,1,0,0.05556,0.27778,0.33333,1.16667,0.27778,0.72222,15.43148
Oliver Kylington,kylinol01,COL,D,8,1,1,2,2,50.000,2,6,97.33,4,1,0,0,1,0,0,0.12500,0.12500,0.25000,0.25000,0.25000,0.75000,12.16667
Mavrik Bourque,bourqma01,DAL,F,17,1,3,4,13,7.692,6,6,172.77,0,1,0,0,3,0,0,0.05882,0.17647,0.23529,0.76471,0.35294,0.35294,10.16275
Arshdeep Bains,bainsar01,VAN,F,11,1,0,1,7,14.286,16,5,120.30,0,1,0,0,0,0,0,0.09091,0.00000,0.09091,0.63636,1.45455,0.45455,10.93636
Andreas Englund,engluan01,LAK,D,8,1,0,1,4,25.000,18,5,94.30,12,1,0,0,0,0,0,0.12500,0.00000,0.12500,0.50000,2.25000,0.62500,11.78750
Ross Johnston,johnsro02,ANA,F,16,1,3,4,8,12.500,57,9,145.00,32,1,0,0,3,0,0,0.06250,0.18750,0.25000,0.50000,3.56250,0.56250,9.06250
Logan Mailloux,mailllo01,MTL,D,5,1,2,3,7,14.286,6,7,82.47,6,1,0,0,2,0,0,0.20000,0.40000,0.60000,1.40000,1.20000,1.40000,16.49333
Valtteri Puustinen,puustva01,PIT,F,10,1,1,2,6,16.667,5,5,98.88,4,0,1,0,1,0,0,0.10000,0.10000,0.20000,0.60000,0.50000,0.50000,9.88833
Logan Stanley,stanllo01,WPG,D,12,1,2,3,9,11.111,13,17,181.92,13,1,0,0,2,0,0,0.08333,0.16667,0.25000,0.75000,1.08333,1.41667,15.15972
Ryan Lindgren,lindgry01,NYR,D,18,1,3,4,14,7.143,29,31,339.37,14,1,0,0,3,0,0,0.05556,0.16667,0.22222,0.77778,1.61111,1.72222,18.85370
Nick Seeler,seeleni01,PHI,D,20,1,5,6,17,5.882,18,50,321.90,9,1,0,0,5,0,0,0.05000,0.25000,0.30000,0.85000,0.90000,2.50000,16.09500
Maveric Lamoureux,lamouma01,ARI,D,15,1,2,3,17,5.882,18,11,241.87,42,1,0,0,2,0,0,0.06667,0.13333,0.20000,1.13333,1.20000,0.73333,16.12444
Cole Reinhardt,reinhco01,OTT,F,5,1,1,2,7,14.286,14,2,37.98,0,1,0,0,1,0,0,0.20000,0.20000,0.40000,1.40000,2.80000,0.40000,7.59667
Emil Andrae,andraem01,PHI,D,15,1,3,4,20,5.000,18,19,269.02,8,1,0,0,2,1,0,0.06667,0.20000,0.26667,1.33333,1.20000,1.26667,17.93444
Akil Thomas,thomaak01,LAK,F,10,1,1,2,14,7.143,18,8,100.58,2,1,0,0,1,0,0,0.10000,0.10000,0.20000,1.40000,1.80000,0.80000,10.05833
Ethan Cardwell,cardwet01,SJS,F,5,1,0,1,4,25.000,7,3,57.77,2,1,0,0,0,0,0,0.20000,0.00000,0.20000,0.80000,1.40000,0.60000,11.55333
Michael Sgarbossa,sgarbmi01,WSH,F,3,1,1,2,1,100.000,1,1,28.02,2,1,0,0,1,0,0,0.33333,0.33333,0.66667,0.33333,0.33333,0.33333,9.33889
Tomas Nosek,nosekto01,FLA,F,13,1,2,3,10,10.000,18,8,118.55,2,0,1,0,2,0,0,0.07692,0.15385,0.23077,0.76923,1.38462,0.61538,9.11923
Isaak Phillips,phillis01,CHI,D,3,1,0,1,3,33.333,2,4,35.68,0,1,0,0,0,0,0,0.33333,0.00000,0.33333,1.00000,0.66667,1.33333,11.89444
Lucas Condotta,condolu01,MTL,F,7,1,0,1,5,20.000,10,3,57.42,0,1,0,0,0,0,0,0.14286,0.00000,0.14286,0.71429,1.42857,0.42857,8.20238
Tyson Jost,jostty01,CAR,F,7,1,0,1,8,12.500,7,1,65.38,0,1,0,0,0,0,0,0.14286,0.00000,0.14286,1.14286,1.00000,0.14286,9.34048
Jonathan Lekkerimaki,lekkejo01,VAN,F,5,1,0,1,7,14.286,4,2,74.00,2,1,0,0,0,0,0,0.20000,0.00000,0.20000,1.40000,0.80000,0.40000,14.80000
Drew Helleson,helledr01,ANA,D,7,1,3,4,3,33.333,6,10,97.30,4,1,0,0,3,0,0,0.14286,0.42857,0.57143,0.42857,0.85714,1.42857,13.90000
Callahan Burke,burkeca01,VEG,F,6,1,0,1,12,8.333,0,3,66.43,2,1,0,0,0,0,0,0.16667,0.00000,0.16667,2.00000,0.00000,0.50000,11.07222
Fraser Minten,mintefr01,TOR,F,4,1,2,3,5,20.000,7,1,57.10,0,1,0,0,1,1,0,0.25000,0.50000,0.75000,1.25000,1.75000,0.25000,14.27500
Louis Crevier,crevilo01,CHI,D,3,1,0,1,3,33.333,4,5,49.95,0,1,0,0,0,0,0,0.33333,0.00000,0.33333,1.00000,1.33333,1.66667,16.65000
Ivan Miroshnichenko,mirosiv01,WSH,F,5,1,2,3,2,50.000,7,0,37.07,0,1,0,0,1,1,0,0.20000,0.40000,0.60000,0.40000,1.40000,0.00000,7.41333
Fedor Svechkov,svechfe01,NSH,F,5,1,0,1,6,16.667,4,3,44.20,0,1,0,0,0,0,0,0.20000,0.00000,0.20000,1.20000,0.80000,0.60000,8.84000
Brett Berard,berarbr02,NYR,F,4,1,1,2,9,11.111,5,2,38.97,0,1,0,0,1,0,0,0.25000,0.25000,0.50000,2.25000,1.25000,0.50000,9.74167
Nicolas Aube-Kubel,aubekni01,BUF,F,8,0,0,0,7,0.000,11,0,72.45,6,0,0,0,0,0,0,0.00000,0.00000,0.00000,0.87500,1.37500,0.00000,9.05625
Connor Clifton,cliftco01,BUF,D,23,0,4,4,19,0.000,64,39,352.97,19,0,0,0,4,0,0,0.00000,0.17391,0.17391,0.82609,2.78261,1.69565,15.34638
Simon Nemec,nemecsi01,NJD,D,9,0,1,1,9,0.000,1,10,145.08,4,0,0,0,0,1,0,0.00000,0.11111,0.11111,1.00000,0.11111,1.11111,16.12037
Kurtis MacDermid,macdeku01,NJD,D,12,0,0,0,4,0.000,19,5,65.13,17,0,0,0,0,0,0,0.00000,0.00000,0.00000,0.33333,1.58333,0.41667,5.42778
Max Jones,jonesma03,BOS,F,4,0,0,0,1,0.000,8,1,44.85,8,0,0,0,0,0,0,0.00000,0.00000,0.00000,0.25000,2.00000,0.25000,11.21250
Andrew Peeke,peekean01,BOS,D,19,0,4,4,18,0.000,24,32,325.45,2,0,0,0,3,0,1,0.00000,0.21053,0.21053,0.94737,1.26316,1.68421,17.12895
Uvis Balinskis,balinuv01,FLA,D,24,0,7,7,29,0.000,22,13,346.13,15,0,0,0,4,3,0,0.00000,0.29167,0.29167,1.20833,0.91667,0.54167,14.42222
Nick Leddy,leddyni01,STL,D,4,0,0,0,4,0.000,0,5,88.62,0,0,0,0,0,0,0,0.00000,0.00000,0.00000,1.00000,0.00000,1.25000,22.15417
Matthew Kessel,kessema01,STL,D,21,0,3,3,12,0.000,14,14,249.62,8,0,0,0,3,0,0,0.00000,0.14286,0.14286,0.57143,0.66667,0.66667,11.88651
Sean Durzi,durzise01,ARI,D,4,0,2,2,3,0.000,2,13,85.83,7,0,0,0,1,0,0,0.00000,0.50000,0.50000,0.75000,0.50000,3.25000,21.45833
Liam O'Brien,obrieli01,ARI,F,3,0,0,0,1,0.000,13,1,26.57,5,0,0,0,0,0,0,0.00000,0.00000,0.00000,0.33333,4.33333,0.33333,8.85556
Juuso Valimaki,valimju01,ARI,D,18,0,1,1,16,0.000,7,17,302.37,4,0,0,0,1,0,0,0.00000,0.05556,0.05556,0.88889,0.38889,0.94444,16.79815
Connor Murphy,murphco02,CHI,D,23,0,8,8,20,0.000,32,54,467.77,23,0,0,0,8,0,0,0.00000,0.34783,0.34783,0.86957,1.39130,2.34783,20.33768
Alec Martinez,martial01,CHI,D,11,0,2,2,8,0.000,4,31,225.88,0,0,0,0,2,0,0,0.00000,0.18182,0.18182,0.72727,0.36364,2.81818,20.53485
Alex Vlasic,vlasial01,CHI,D,23,0,9,9,27,0.000,14,58,539.28,2,0,0,0,4,5,0,0.00000,0.39130,0.39130,1.17391,0.60870,2.52174,23.44710
Tj Brodie,broditj01,CHI,D,20,0,4,4,10,0.000,7,26,310.08,6,0,0,0,4,0,0,0.00000,0.20000,0.20000,0.50000,0.35000,1.30000,15.50417
Joey Anderson,anderjo08,CHI,F,12,0,1,1,13,0.000,8,9,175.13,0,0,0,0,1,0,0,0.00000,0.08333,0.08333,1.08333,0.66667,0.75000,14.59444
Nolan Allan,allanno01,CHI,D,17,0,4,4,8,0.000,15,12,233.53,10,0,0,0,4,0,0,0.00000,0.23529,0.23529,0.47059,0.88235,0.70588,13.73725
Derek Ryan,ryande01,EDM,F,22,0,2,2,13,0.000,11,13,216.05,12,0,0,0,2,0,0,0.00000,0.09091,0.09091,0.59091,0.50000,0.59091,9.82045
Ty Emberson,emberty01,EDM,D,22,0,2,2,22,0.000,33,25,330.22,9,0,0,0,2,0,0,0.00000,0.09091,0.09091,1.00000,1.50000,1.13636,15.00985
Travis Dermott,dermotr01,EDM,D,10,0,0,0,4,0.000,6,10,130.75,2,0,0,0,0,0,0,0.00000,0.00000,0.00000,0.40000,0.60000,1.00000,13.07500
Dylan Demelo,demeldy01,WPG,D,24,0,3,3,21,0.000,41,29,520.78,10,0,0,0,3,0,0,0.00000,0.12500,0.12500,0.87500,1.70833,1.20833,21.69931
Haydn Fleury,fleurha01,WPG,D,13,0,2,2,13,0.000,12,14,178.78,2,0,0,0,2,0,0,0.00000,0.15385,0.15385,1.00000,0.92308,1.07692,13.75256
Alex Barre-Boulet,barreal01,MTL,F,2,0,0,0,0,0.000,2,0,20.32,2,0,0,0,0,0,0,0.00000,0.00000,0.00000,0.00000,1.00000,0.00000,10.15833
Arber Xhekaj,xhekaar01,MTL,D,20,0,2,2,15,0.000,51,17,294.45,25,0,0,0,2,0,0,0.00000,0.10000,0.10000,0.75000,2.55000,0.85000,14.72250
David Savard,savarda01,MTL,D,22,0,5,5,13,0.000,19,57,411.33,18,0,0,0,5,0,0,0.00000,0.22727,0.22727,0.59091,0.86364,2.59091,18.69697
Lane Hutson,hutsola01,MTL,D,23,0,13,13,23,0.000,16,34,532.05,12,0,0,0,9,4,0,0.00000,0.56522,0.56522,1.00000,0.69565,1.47826,23.13261
Jake McCabe,mccabja01,TOR,D,23,0,5,5,20,0.000,52,46,490.52,21,0,0,0,5,0,0,0.00000,0.21739,0.21739,0.86957,2.26087,2.00000,21.32681
Max Domi,domima01,TOR,F,19,0,6,6,23,0.000,6,11,290.68,21,0,0,0,6,0,0,0.00000,0.31579,0.31579,1.21053,0.31579,0.57895,15.29912
Simon Benoit,benoisi01,TOR,D,21,0,3,3,12,0.000,51,35,339.35,18,0,0,0,3,0,0,0.00000,0.14286,0.14286,0.57143,2.42857,1.66667,16.15952
Ryan Reaves,reavery01,TOR,F,16,0,1,1,7,0.000,44,2,125.67,23,0,0,0,1,0,0,0.00000,0.06250,0.06250,0.43750,2.75000,0.12500,7.85417
David Kampf,kampfda01,TOR,F,18,0,3,3,16,0.000,15,7,221.35,0,0,0,0,2,0,1,0.00000,0.16667,0.16667,0.88889,0.83333,0.38889,12.29722
Jacob Trouba,troubja01,NYR,D,23,0,6,6,46,0.000,35,67,445.43,22,0,0,0,6,0,0,0.00000,0.26087,0.26087,2.00000,1.52174,2.91304,19.36667
Adam Fox,foxad01,NYR,D,23,0,20,20,31,0.000,15,26,521.52,12,0,0,0,11,9,0,0.00000,0.86957,0.86957,1.34783,0.65217,1.13043,22.67464
Matt Grzelcyk,grzelma01,PIT,D,26,0,10,10,31,0.000,14,38,517.20,6,0,0,0,5,5,0,0.00000,0.38462,0.38462,1.19231,0.53846,1.46154,19.89231
Jack St. Ivany,stivajo01,PIT,D,19,0,1,1,12,0.000,36,27,310.98,17,0,0,0,1,0,0,0.00000,0.05263,0.05263,0.63158,1.89474,1.42105,16.36754
Cody Glass,glassco01,PIT,F,14,0,4,4,17,0.000,10,5,165.15,2,0,0,0,4,0,0,0.00000,0.28571,0.28571,1.21429,0.71429,0.35714,11.79643
Ryan Graves,gravery01,PIT,D,20,0,0,0,18,0.000,27,28,306.25,9,0,0,0,0,0,0,0.00000,0.00000,0.00000,0.90000,1.35000,1.40000,15.31250
Rutger McGroarty,mcgroru01,PIT,F,3,0,0,0,2,0.000,4,0,34.85,0,0,0,0,0,0,0,0.00000,0.00000,0.00000,0.66667,1.33333,0.00000,11.61667
Adam Klapka,klapkad01,CGY,F,6,0,0,0,7,0.000,19,7,50.93,8,0,0,0,0,0,0,0.00000,0.00000,0.00000,1.16667,3.16667,1.16667,8.48889
Ryan Lomberg,lombery01,CGY,F,25,0,2,2,15,0.000,48,9,223.80,22,0,0,0,2,0,0,0.00000,0.08000,0.08000,0.60000,1.92000,0.36000,8.95200
Kevin Bahl,bahlke01,CGY,D,25,0,8,8,28,0.000,36,37,519.92,6,0,0,0,8,0,0,0.00000,0.32000,0.32000,1.12000,1.44000,1.48000,20.79667
Brayden Pachal,pachabr01,CGY,D,25,0,1,1,26,0.000,56,30,343.08,23,0,0,0,1,0,0,0.00000,0.04000,0.04000,1.04000,2.24000,1.20000,13.72333
Samuel Honzek,honzesa01,CGY,F,5,0,0,0,6,0.000,6,2,61.97,2,0,0,0,0,0,0,0.00000,0.00000,0.00000,1.20000,1.20000,0.40000,12.39333
Vincent Desharnais,deshavi01,VAN,D,12,0,1,1,7,0.000,16,12,179.67,11,0,0,0,1,0,0,0.00000,0.08333,0.08333,0.58333,1.33333,1.00000,14.97222
Derek Forbort,forbode01,VAN,D,4,0,1,1,3,0.000,1,5,65.97,2,0,0,0,1,0,0,0.00000,0.25000,0.25000,0.75000,0.25000,1.25000,16.49167
Nils Aman,amanni01,VAN,F,5,0,2,2,2,0.000,8,0,53.50,0,0,0,0,2,0,0,0.00000,0.40000,0.40000,0.40000,1.60000,0.00000,10.70000
Carson Soucy,soucyca01,VAN,D,22,0,2,2,25,0.000,30,36,409.13,12,0,0,0,2,0,0,0.00000,0.09091,0.09091,1.13636,1.36364,1.63636,18.59697
Calvin De Haan,dehaaca01,COL,D,18,0,1,1,25,0.000,24,35,267.98,6,0,0,0,1,0,0,0.00000,0.05556,0.05556,1.38889,1.33333,1.94444,14.88796
Brendan Brisson,brissbr01,VEG,F,7,0,0,0,7,0.000,7,0,71.23,0,0,0,0,0,0,0,0.00000,0.00000,0.00000,1.00000,1.00000,0.00000,10.17619
Parker Wotherspoon,wothepa01,BOS,D,15,0,0,0,7,0.000,18,17,237.73,4,0,0,0,0,0,0,0.00000,0.00000,0.00000,0.46667,1.20000,1.13333,15.84889
Riley Tufte,tufteri01,BOS,F,3,0,0,0,0,0.000,3,0,24.02,4,0,0,0,0,0,0,0.00000,0.00000,0.00000,0.00000,1.00000,0.00000,8.00556
Oliver Kapanen,kapanol01,MTL,F,12,0,2,2,12,0.000,1,6,139.55,2,0,0,0,1,1,0,0.00000,0.16667,0.16667,1.00000,0.08333,0.50000,11.62917
Kyle Burroughs,burroky01,LAK,D,8,0,1,1,3,0.000,20,4,104.30,20,0,0,0,1,0,0,0.00000,0.12500,0.12500,0.37500,2.50000,0.50000,13.03750
Andre Lee,leean02,LAK,F,16,0,2,2,13,0.000,33,9,150.48,11,0,0,0,2,0,0,0.00000,0.12500,0.12500,0.81250,2.06250,0.56250,9.40521
Erik Gustafsson,gustaer02,DET,D,16,0,3,3,23,0.000,6,13,265.73,10,0,0,0,1,2,0,0.00000,0.18750,0.18750,1.43750,0.37500,0.81250,16.60833
Ben Chiarot,chiarbe01,DET,D,23,0,3,3,27,0.000,33,49,455.65,31,0,0,0,2,1,0,0.00000,0.13043,0.13043,1.17391,1.43478,2.13043,19.81087
Jeff Petry,petryje01,DET,D,19,0,3,3,12,0.000,26,32,361.98,4,0,0,0,2,1,0,0.00000,0.15789,0.15789,0.63158,1.36842,1.68421,19.05175
Olli Maatta,maattol01,ARI,D,21,0,2,2,9,0.000,8,36,400.23,6,0,0,0,2,0,0,0.00000,0.09524,0.09524,0.42857,0.38095,1.71429,19.05873
Jake Christiansen,chrisja01,CBJ,D,22,0,5,5,28,0.000,17,25,331.07,11,0,0,0,5,0,0,0.00000,0.22727,0.22727,1.27273,0.77273,1.13636,15.04848
Jack Johnson,johnsja02,CBJ,D,15,0,1,1,8,0.000,9,10,218.87,2,0,0,0,1,0,0,0.00000,0.06667,0.06667,0.53333,0.60000,0.66667,14.59111
Erik Gudbranson,gudbrer01,CBJ,D,3,0,0,0,1,0.000,3,3,47.32,2,0,0,0,0,0,0,0.00000,0.00000,0.00000,0.33333,1.00000,1.00000,15.77222
Yakov Trenin,treniya01,MIN,F,24,0,1,1,17,0.000,63,15,323.15,14,0,0,0,1,0,0,0.00000,0.04167,0.04167,0.70833,2.62500,0.62500,13.46458
Jon Merrill,merrijo01,MIN,D,17,0,1,1,13,0.000,6,21,230.28,4,0,0,0,1,0,0,0.00000,0.05882,0.05882,0.76471,0.35294,1.23529,13.54608
Marat Khusnutdinov,khusnma01,MIN,F,21,0,2,2,8,0.000,19,15,234.35,4,0,0,0,1,0,1,0.00000,0.09524,0.09524,0.38095,0.90476,0.71429,11.15952
Matt Dumba,dumbama01,DAL,D,15,0,1,1,14,0.000,27,14,224.68,19,0,0,0,1,0,0,0.00000,0.06667,0.06667,0.93333,1.80000,0.93333,14.97889
Nils Lundkvist,lundkni01,DAL,D,16,0,1,1,17,0.000,14,10,225.13,6,0,0,0,1,0,0,0.00000,0.06250,0.06250,1.06250,0.87500,0.62500,14.07083
Ilya Lyubushkin,lyubuil01,DAL,D,22,0,6,6,11,0.000,25,39,382.43,6,0,0,0,6,0,0,0.00000,0.27273,0.27273,0.50000,1.13636,1.77273,17.38333
Jeremy Lauzon,lauzoje01,NSH,D,22,0,1,1,21,0.000,102,31,398.77,19,0,0,0,1,0,0,0.00000,0.04545,0.04545,0.95455,4.63636,1.40909,18.12576
Mark Jankowski,jankoma01,NSH,F,17,0,3,3,16,0.000,14,7,215.88,2,0,0,0,3,0,0,0.00000,0.17647,0.17647,0.94118,0.82353,0.41176,12.69902
Alexander Romanov,romanal01,NYI,D,14,0,2,2,18,0.000,43,29,300.03,10,0,0,0,2,0,0,0.00000,0.14286,0.14286,1.28571,3.07143,2.07143,21.43095
Adam Pelech,pelecad01,NYI,D,11,0,3,3,23,0.000,16,12,221.13,2,0,0,0,3,0,0,0.00000,0.27273,0.27273,2.09091,1.45455,1.09091,20.10303
Mike Reilly,reillmi01,NYI,D,11,0,0,0,15,0.000,3,4,173.27,2,0,0,0,0,0,0,0.00000,0.00000,0.00000,1.36364,0.27273,0.36364,15.75152
Ryan Pulock,pulocry01,NYI,D,25,0,8,8,38,0.000,43,54,548.50,6,0,0,0,7,1,0,0.00000,0.32000,0.32000,1.52000,1.72000,2.16000,21.94000
David Perron,perroda01,OTT,F,9,0,0,0,25,0.000,14,1,118.23,0,0,0,0,0,0,0,0.00000,0.00000,0.00000,2.77778,1.55556,0.11111,13.13704
Artem Zub,zubar01,OTT,D,11,0,2,2,13,0.000,15,19,201.47,8,0,0,0,2,0,0,0.00000,0.18182,0.18182,1.18182,1.36364,1.72727,18.31515
Travis Hamonic,hamontr01,OTT,D,22,0,1,1,28,0.000,27,41,349.57,6,0,0,0,1,0,0,0.00000,0.04545,0.04545,1.27273,1.22727,1.86364,15.88939
Daniil Gushchin,gushcda01,SJS,F,10,0,1,1,13,0.000,5,5,121.20,6,0,0,0,1,0,0,0.00000,0.10000,0.10000,1.30000,0.50000,0.50000,12.12000
Jan Rutta,ruttaja02,SJS,D,27,0,2,2,29,0.000,23,40,444.92,16,0,0,0,2,0,0,0.00000,0.07407,0.07407,1.07407,0.85185,1.48148,16.47840
Henry Thrun,thrunhe01,SJS,D,24,0,8,8,18,0.000,19,32,377.72,15,0,0,0,8,0,0,0.00000,0.33333,0.33333,0.75000,0.79167,1.33333,15.73819
Matt Benning,bennima01,SJS,D,7,0,0,0,7,0.000,9,10,91.28,4,0,0,0,0,0,0,0.00000,0.00000,0.00000,1.00000,1.28571,1.42857,13.04048
Ryan McDonagh,mcdonry01,TBL,D,23,0,6,6,19,0.000,6,44,452.40,6,0,0,0,6,0,0,0.00000,0.26087,0.26087,0.82609,0.26087,1.91304,19.66957
Emil Lilleberg,martiem01,TBL,D,20,0,6,6,12,0.000,35,15,253.58,26,0,0,0,6,0,0,0.00000,0.30000,0.30000,0.60000,1.75000,0.75000,12.67917
Erik Cernak,cernaer01,TBL,D,23,0,6,6,17,0.000,43,31,414.10,12,0,0,0,5,0,1,0.00000,0.26087,0.26087,0.73913,1.86957,1.34783,18.00435
Zemgus Girgensons,girgeze01,TBL,F,23,0,2,2,20,0.000,39,13,248.05,22,0,0,0,2,0,0,0.00000,0.08696,0.08696,0.86957,1.69565,0.56522,10.78478
Jett Luchanko,luchaje01,PHI,F,4,0,0,0,3,0.000,6,0,56.22,2,0,0,0,0,0,0,0.00000,0.00000,0.00000,0.75000,1.50000,0.00000,14.05417
Noah Juulsen,juulsno01,VAN,D,11,0,0,0,11,0.000,27,11,161.87,2,0,0,0,0,0,0,0.00000,0.00000,0.00000,1.00000,2.45455,1.00000,14.71515
Pierre-Olivier Joseph,joseppi01,STL,D,18,0,2,2,19,0.000,10,12,251.20,23,0,0,0,2,0,0,0.00000,0.11111,0.11111,1.05556,0.55556,0.66667,13.95556
Cole Schwindt,schwico01,VEG,F,22,0,6,6,16,0.000,15,10,209.40,0,0,0,0,6,0,0,0.00000,0.27273,0.27273,0.72727,0.68182,0.45455,9.51818
Andreas Athanasiou,athanan01,CHI,F,5,0,0,0,6,0.000,5,4,47.97,0,0,0,0,0,0,0,0.00000,0.00000,0.00000,1.20000,1.00000,0.80000,9.59333
Wyatt Kaiser,kaisewy01,CHI,D,21,0,1,1,20,0.000,29,44,362.72,10,0,0,0,1,0,0,0.00000,0.04762,0.04762,0.95238,1.38095,2.09524,17.27222
Dennis Gilbert,gilbede01,BUF,D,6,0,0,0,0,0.000,15,7,65.02,10,0,0,0,0,0,0,0.00000,0.00000,0.00000,0.00000,2.50000,1.16667,10.83611
Patrick Giles,gilespa01,FLA,F,9,0,0,0,4,0.000,15,4,66.45,0,0,0,0,0,0,0,0.00000,0.00000,0.00000,0.44444,1.66667,0.44444,7.38333
Albert Johansson,johanal01,DET,D,13,0,1,1,11,0.000,10,18,162.27,2,0,0,0,1,0,0,0.00000,0.07692,0.07692,0.84615,0.76923,1.38462,12.48205
Matt Rempe,rempema01,NYR,F,4,0,0,0,0,0.000,7,1,16.30,7,0,0,0,0,0,0,0.00000,0.00000,0.00000,0.00000,1.75000,0.25000,4.07500
Tristan Luneau,luneatr01,ANA,D,6,0,0,0,6,0.000,5,9,99.33,2,0,0,0,0,0,0,0.00000,0.00000,0.00000,1.00000,0.83333,1.50000,16.55556
Cam Fowler,fowleca01,ANA,D,12,0,2,2,10,0.000,2,20,255.47,4,0,0,0,2,0,0,0.00000,0.16667,0.16667,0.83333,0.16667,1.66667,21.28889
Brian Dumoulin,dumoubr01,ANA,D,22,0,6,6,28,0.000,22,40,416.25,4,0,0,0,6,0,0,0.00000,0.27273,0.27273,1.27273,1.00000,1.81818,18.92045
Radko Gudas,gudasra01,ANA,D,22,0,3,3,18,0.000,67,55,412.07,25,0,0,0,3,0,0,0.00000,0.13636,0.13636,0.81818,3.04545,2.50000,18.73030
Carl Grundstrom,grundca01,SJS,F,22,0,4,4,27,0.000,64,7,200.08,8,0,0,0,4,0,0,0.00000,0.18182,0.18182,1.22727,2.90909,0.31818,9.09470
Trevor Van Riemsdyk,vanritr01,WSH,D,24,0,11,11,39,0.000,4,51,423.30,2,0,0,0,11,0,0,0.00000,0.45833,0.45833,1.62500,0.16667,2.12500,17.63750
Martin Fehervary,feherma01,WSH,D,24,0,5,5,18,0.000,52,53,480.20,4,0,0,0,4,0,1,0.00000,0.20833,0.20833,0.75000,2.16667,2.20833,20.00833
Sonny Milano,milanso01,WSH,F,3,0,0,0,4,0.000,1,0,21.63,0,0,0,0,0,0,0,0.00000,0.00000,0.00000,1.33333,0.33333,0.00000,7.21111
Hendrix Lapierre,lapiehe01,WSH,F,18,0,6,6,17,0.000,7,11,185.67,4,0,0,0,6,0,0,0.00000,0.33333,0.33333,0.94444,0.38889,0.61111,10.31481
Brendan Smith,smithbr05,DAL,D,12,0,3,3,8,0.000,18,11,165.45,11,0,0,0,3,0,0,0.00000,0.25000,0.25000,0.66667,1.50000,0.91667,13.78750
Josh Mahura,mahurjo01,SEA,D,19,0,1,1,15,0.000,21,12,232.73,6,0,0,0,1,0,0,0.00000,0.05263,0.05263,0.78947,1.10526,0.63158,12.24912
Troy Stecher,stechtr01,EDM,D,20,0,3,3,20,0.000,13,23,297.47,9,0,0,0,3,0,0,0.00000,0.15000,0.15000,1.00000,0.65000,1.15000,14.87333
Urho Vaakanainen,vaakaur01,ANA,D,5,0,1,1,3,0.000,0,7,67.98,2,0,0,0,1,0,0,0.00000,0.20000,0.20000,0.60000,0.00000,1.40000,13.59667
Liam Ohgren,ohgreli01,MIN,F,8,0,0,0,10,0.000,9,3,79.05,0,0,0,0,0,0,0,0.00000,0.00000,0.00000,1.25000,1.12500,0.37500,9.88125
John Ludvig,ludvijo01,COL,D,6,0,2,2,5,0.000,11,4,76.45,6,0,0,0,2,0,0,0.00000,0.33333,0.33333,0.83333,1.83333,0.66667,12.74167
Ryan Shea,sheary01,PIT,D,11,0,1,1,6,0.000,2,17,174.52,4,0,0,0,1,0,0,0.00000,0.09091,0.09091,0.54545,0.18182,1.54545,15.86515
Austin Watson,watsoau01,DET,F,2,0,0,0,1,0.000,6,0,14.00,2,0,0,0,0,0,0,0.00000,0.00000,0.00000,0.50000,3.00000,0.00000,7.00000
Jordan Harris,harrijo01,CBJ,D,13,0,0,0,8,0.000,9,20,166.88,6,0,0,0,0,0,0,0.00000,0.00000,0.00000,0.61538,0.69231,1.53846,12.83718
Daemon Hunt,huntda01,MIN,D,1,0,0,0,2,0.000,1,2,8.02,0,0,0,0,0,0,0,0.00000,0.00000,0.00000,2.00000,1.00000,2.00000,8.01667
Conor Sheary,shearco01,TBL,F,4,0,0,0,3,0.000,2,1,45.37,4,0,0,0,0,0,0,0.00000,0.00000,0.00000,0.75000,0.50000,0.25000,11.34167
Dylan McIlrath,mcilrdy01,WSH,D,10,0,2,2,4,0.000,24,7,118.23,14,0,0,0,2,0,0,0.00000,0.20000,0.20000,0.40000,2.40000,0.70000,11.82333
Robert Bortuzzo,borturo01,ARI,D,11,0,1,1,3,0.000,13,18,121.23,20,0,0,0,1,0,0,0.00000,0.09091,0.09091,0.27273,1.18182,1.63636,11.02121
Matt Stienburg,stienma01,COL,F,8,0,0,0,4,0.000,16,1,48.72,22,0,0,0,0,0,0,0.00000,0.00000,0.00000,0.50000,2.00000,0.12500,6.08958
Caleb Jones,jonesca01,LAK,D,5,0,0,0,6,0.000,9,4,64.05,2,0,0,0,0,0,0,0.00000,0.00000,0.00000,1.20000,1.80000,0.80000,12.81000
Jacob Bernard-Docker,bernaja01,OTT,D,13,0,3,3,12,0.000,11,19,174.80,0,0,0,0,3,0,0,0.00000,0.23077,0.23077,0.92308,0.84615,1.46154,13.44615
Jansen Harkins,harkija01,ANA,F,9,0,1,1,5,0.000,26,5,85.63,4,0,0,0,1,0,0,0.00000,0.11111,0.11111,0.55556,2.88889,0.55556,9.51481
Givani Smith,smithgi01,SJS,F,6,0,0,0,2,0.000,7,3,37.73,10,0,0,0,0,0,0,0.00000,0.00000,0.00000,0.33333,1.16667,0.50000,6.28889
David Jiricek,jiricda01,CBJ,D,6,0,1,1,5,0.000,6,4,67.18,4,0,0,0,1,0,0,0.00000,0.16667,0.16667,0.83333,1.00000,0.66667,11.19722
Matej Blumel,blumema01,DAL,F,1,0,0,0,2,0.000,1,0,8.00,0,0,0,0,0,0,0,0.00000,0.00000,0.00000,2.00000,1.00000,0.00000,8.00000
Marc Del Gaizo,delgama01,NSH,D,16,0,3,3,21,0.000,23,21,232.37,8,0,0,0,3,0,0,0.00000,0.18750,0.18750,1.31250,1.43750,1.31250,14.52292
Julien Gauthier,gauthju01,NYI,F,1,0,0,0,0,0.000,2,0,7.70,0,0,0,0,0,0,0,0.00000,0.00000,0.00000,0.00000,2.00000,0.00000,7.70000
Chad Ruhwedel,ruhwech01,NYR,D,1,0,0,0,0,0.000,2,4,14.07,0,0,0,0,0,0,0,0.00000,0.00000,0.00000,0.00000,2.00000,4.00000,14.06667
Kailer Yamamoto,yamamka01,ARI,F,3,0,0,0,1,0.000,2,0,32.02,0,0,0,0,0,0,0,0.00000,0.00000,0.00000,0.33333,0.66667,0.00000,10.67222
David Gustafsson,gustada01,WPG,F,1,0,0,0,2,0.000,0,0,10.35,0,0,0,0,0,0,0,0.00000,0.00000,0.00000,2.00000,0.00000,0.00000,10.35000
Michael Pezzetta,pezzemi01,MTL,F,3,0,0,0,1,0.000,9,2,27.57,4,0,0,0,0,0,0,0.00000,0.00000,0.00000,0.33333,3.00000,0.66667,9.18889
Daniil Misyul,misyuda01,NJD,D,1,0,0,0,0,0.000,1,1,12.38,0,0,0,0,0,0,0,0.00000,0.00000,0.00000,0.00000,1.00000,1.00000,12.38333
Liam Foudy,foudyli01,NYI,F,2,0,0,0,1,0.000,0,1,14.90,0,0,0,0,0,0,0,0.00000,0.00000,0.00000,0.50000,0.00000,0.50000,7.45000
Nicolas Deslauriers,deslani01,PHI,F,7,0,1,1,4,0.000,15,1,42.57,5,0,0,0,1,0,0,0.00000,0.14286,0.14286,0.57143,2.14286,0.14286,6.08095
Kaedan Korczak,korczka01,VEG,D,14,0,3,3,12,0.000,25,19,201.98,0,0,0,0,3,0,0,0.00000,0.21429,0.21429,0.85714,1.78571,1.35714,14.42738
Luke Hughes,hughelu01,NJD,D,18,0,6,6,27,0.000,6,13,341.57,4,0,0,0,3,3,0,0.00000,0.33333,0.33333,1.50000,0.33333,0.72222,18.97593
Brett Pesce,pescebr01,NJD,D,18,0,1,1,28,0.000,6,38,382.47,2,0,0,0,1,0,0,0.00000,0.05556,0.05556,1.55556,0.33333,2.11111,21.24815
Philippe Myers,myersph01,TOR,D,1,0,0,0,0,0.000,1,0,12.18,0,0,0,0,0,0,0,0.00000,0.00000,0.00000,0.00000,1.00000,0.00000,12.18333
Joel Hanley,hanlejo01,CGY,D,6,0,0,0,5,0.000,7,8,74.72,0,0,0,0,0,0,0,0.00000,0.00000,0.00000,0.83333,1.16667,1.33333,12.45278
Matt Martin,martima02,NYI,F,14,0,1,1,7,0.000,40,9,103.93,5,0,0,0,1,0,0,0.00000,0.07143,0.07143,0.50000,2.85714,0.64286,7.42381
Hudson Fasching,faschhu01,NYI,F,7,0,0,0,1,0.000,1,2,54.93,0,0,0,0,0,0,0,0.00000,0.00000,0.00000,0.14286,0.14286,0.28571,7.84762
Zack Ostapchuk,ostapza01,OTT,F,9,0,1,1,4,0.000,21,5,80.30,0,0,0,0,1,0,0,0.00000,0.11111,0.11111,0.44444,2.33333,0.55556,8.92222
T.J. Tynan,tynant.01,COL,F,8,0,1,1,4,0.000,4,4,54.48,4,0,0,0,1,0,0,0.00000,0.12500,0.12500,0.50000,0.50000,0.50000,6.81042
Drake Caggiula,caggidr01,EDM,F,6,0,1,1,5,0.000,7,3,45.37,5,0,0,0,1,0,0,0.00000,0.16667,0.16667,0.83333,1.16667,0.50000,7.56111
Noah Philp,philpno01,EDM,F,3,0,1,1,4,0.000,1,1,30.63,0,0,0,0,1,0,0,0.00000,0.33333,0.33333,1.33333,0.33333,0.33333,10.21111
Cale Fleury,fleurca01,SEA,D,2,0,0,0,1,0.000,4,3,22.97,0,0,0,0,0,0,0,0.00000,0.00000,0.00000,0.50000,2.00000,1.50000,11.48333
Alexander Alexeyev,alexeal01,WSH,D,5,0,0,0,4,0.000,6,10,66.10,0,0,0,0,0,0,0,0.00000,0.00000,0.00000,0.80000,1.20000,2.00000,13.22000
Jacob Bryson,brysoja01,BUF,D,13,0,2,2,6,0.000,4,20,190.58,6,0,0,0,2,0,0,0.00000,0.15385,0.15385,0.46154,0.30769,1.53846,14.66026
Nikita Prishchepov,prishni01,COL,F,7,0,0,0,4,0.000,10,2,50.20,0,0,0,0,0,0,0,0.00000,0.00000,0.00000,0.57143,1.42857,0.28571,7.17143
Samuel Bolduc,boldusa01,NYI,D,1,0,0,0,0,0.000,0,0,5.93,0,0,0,0,0,0,0,0.00000,0.00000,0.00000,0.00000,0.00000,0.00000,5.93333
Grant Hutton,huttogr01,NYI,D,9,0,2,2,8,0.000,8,9,111.43,4,0,0,0,2,0,0,0.00000,0.22222,0.22222,0.88889,0.88889,1.00000,12.38148
John Hayden,haydejo01,SEA,F,1,0,0,0,0,0.000,4,1,8.90,2,0,0,0,0,0,0,0.00000,0.00000,0.00000,0.00000,4.00000,1.00000,8.90000
Ryan Winterton,wintery01,SEA,F,3,0,0,0,3,0.000,6,1,30.42,0,0,0,0,0,0,0,0.00000,0.00000,0.00000,1.00000,2.00000,0.33333,10.13889
Isaiah George,georgis01,NYI,D,13,0,3,3,9,0.000,2,14,226.17,2,0,0,0,3,0,0,0.00000,0.23077,0.23077,0.69231,0.15385,1.07692,17.39744
Gage Goncalves,goncaga01,TBL,F,11,0,1,1,9,0.000,13,3,133.92,2,0,0,0,0,1,0,0.00000,0.09091,0.09091,0.81818,1.18182,0.27273,12.17424
Tyler Johnson,johnsty01,BOS,F,8,0,2,2,5,0.000,4,2,104.92,8,0,0,0,1,1,0,0.00000,0.25000,0.25000,0.62500,0.50000,0.25000,13.11458
Ben Hutton,huttobe01,VEG,D,5,0,0,0,6,0.000,3,5,55.83,0,0,0,0,0,0,0,0.00000,0.00000,0.00000,1.20000,0.60000,1.00000,11.16667
Jonas Rondbjerg,rondbjo01,VEG,F,2,0,0,0,0,0.000,2,1,15.08,0,0,0,0,0,0,0,0.00000,0.00000,0.00000,0.00000,1.00000,0.50000,7.54167
Samuel Helenius,helensa02,LAK,F,9,0,2,2,6,0.000,31,6,74.82,7,0,0,0,2,0,0,0.00000,0.22222,0.22222,0.66667,3.44444,0.66667,8.31296
Connor Dewar,dewarco01,TOR,F,7,0,0,0,6,0.000,17,7,80.23,0,0,0,0,0,0,0,0.00000,0.00000,0.00000,0.85714,2.42857,1.00000,11.46190
Grigori Denisenko,denisgr01,VEG,F,1,0,0,0,0,0.000,5,0,8.45,2,0,0,0,0,0,0,0.00000,0.00000,0.00000,0.00000,5.00000,0.00000,8.45000
Sam Poulin,poulisa01,PIT,F,6,0,1,1,2,0.000,8,0,60.58,2,0,0,0,1,0,0,0.00000,0.16667,0.16667,0.33333,1.33333,0.00000,10.09722
Jani Hakanpaa,hakanja01,DAL,D,2,0,0,0,2,0.000,1,4,28.17,0,0,0,0,0,0,0,0.00000,0.00000,0.00000,1.00000,0.50000,2.00000,14.08333
Alex Steeves,steeval02,TOR,F,4,0,0,0,5,0.000,11,0,44.08,0,0,0,0,0,0,0,0.00000,0.00000,0.00000,1.25000,2.75000,0.00000,11.02083
Patrick Brown,brownpa02,BOS,F,1,0,0,0,2,0.000,4,2,12.70,0,0,0,0,0,0,0,0.00000,0.00000,0.00000,2.00000,4.00000,2.00000,12.70000
Jordan Oesterle,oestejo01,BOS,D,3,0,0,0,2,0.000,3,3,51.25,0,0,0,0,0,0,0,0.00000,0.00000,0.00000,0.66667,1.00000,1.00000,17.08333
Dakota Joshua,joshuda01,VAN,F,8,0,1,1,2,0.000,33,4,102.52,11,0,0,0,1,0,0,0.00000,0.12500,0.12500,0.25000,4.12500,0.50000,12.81458
Matt Nieto,nietoma01,PIT,F,8,0,0,0,9,0.000,6,8,98.98,0,0,0,0,0,0,0,0.00000,0.00000,0.00000,1.12500,0.75000,1.00000,12.37292
Georgii Merkulov,merkuge01,BOS,F,3,0,1,1,3,0.000,1,0,41.22,0,0,0,0,1,0,0,0.00000,0.33333,0.33333,1.00000,0.33333,0.00000,13.73889
Corey Schueneman,schueco01,STL,D,4,0,0,0,4,0.000,1,7,56.20,0,0,0,0,0,0,0,0.00000,0.00000,0.00000,1.00000,0.25000,1.75000,14.05000
Jacob Moverare,moverja01,LAK,D,7,0,0,0,4,0.000,10,11,75.55,0,0,0,0,0,0,0,0.00000,0.00000,0.00000,0.57143,1.42857,1.57143,10.79286
Michael Milne,milnemi01,MIN,F,1,0,0,0,0,0.000,3,0,6.57,0,0,0,0,0,0,0,0.00000,0.00000,0.00000,0.00000,3.00000,0.00000,6.56667
Owen Pickering,pickeow01,PIT,D,5,0,1,1,2,0.000,1,2,70.85,0,0,0,0,1,0,0,0.00000,0.20000,0.20000,0.40000,0.20000,0.40000,14.17000
Vasiliy Ponomarev,ponomva01,CAR,F,3,0,0,0,4,0.000,1,1,27.60,2,0,0,0,0,0,0,0.00000,0.00000,0.00000,1.33333,0.33333,0.33333,9.20000
Ben Meyers,meyerbe01,SEA,F,3,0,0,0,2,0.000,3,0,23.78,2,0,0,0,0,0,0,0.00000,0.00000,0.00000,0.66667,1.00000,0.00000,7.92778
Jeffrey Viel,vielje01,BOS,F,1,0,0,0,0,0.000,3,0,8.48,7,0,0,0,0,0,0,0.00000,0.00000,0.00000,0.00000,3.00000,0.00000,8.48333
Josh Brown,brownjo01,ARI,D,3,0,0,0,2,0.000,6,5,36.63,7,0,0,0,0,0,0,0.00000,0.00000,0.00000,0.66667,2.00000,1.66667,12.21111
Helge Grans,granshe01,PHI,D,6,0,1,1,5,0.000,4,5,86.75,2,0,0,0,1,0,0,0.00000,0.16667,0.16667,0.83333,0.66667,0.83333,14.45833
Sam Colangelo,colansa01,ANA,F,4,0,0,0,7,0.000,5,1,36.67,0,0,0,0,0,0,0,0.00000,0.00000,0.00000,1.75000,1.25000,0.25000,9.16667
Ben Jones,jonesbe01,MIN,F,6,0,0,0,6,0.000,7,3,37.78,0,0,0,0,0,0,0,0.00000,0.00000,0.00000,1.00000,1.16667,0.50000,6.29722
Nikita Grebenkin,grebeni01,TOR,F,4,0,0,0,1,0.000,7,1,36.70,2,0,0,0,0,0,0,0.00000,0.00000,0.00000,0.25000,1.75000,0.25000,9.17500
Robert Hagg,haggro01,VEG,D,2,0,0,0,0,0.000,11,2,22.28,0,0,0,0,0,0,0,0.00000,0.00000,0.00000,0.00000,5.50000,1.00000,11.14167
Shane Bowers,bowersh01,NJD,F,4,0,0,0,2,0.000,9,1,33.02,0,0,0,0,0,0,0,0.00000,0.00000,0.00000,0.50000,2.25000,0.25000,8.25417
Devin Shore,shorede01,MIN,F,6,0,0,0,4,0.000,6,3,37.93,0,0,0,0,0,0,0,0.00000,0.00000,0.00000,0.66667,1.00000,0.50000,6.32222
Travis Boyd,boydtr01,ARI,F,2,0,0,0,0,0.000,1,2,15.28,0,0,0,0,0,0,0,0.00000,0.00000,0.00000,0.00000,0.50000,1.00000,7.64167
Max Sasson,sassoma01,VAN,F,3,0,2,2,1,0.000,4,1,27.28,0,0,0,0,2,0,0,0.00000,0.66667,0.66667,0.33333,1.33333,0.33333,9.09444
Nolan Foote,footeno01,NJD,F,2,0,0,0,0,0.000,2,0,21.53,0,0,0,0,0,0,0,0.00000,0.00000,0.00000,0.00000,1.00000,0.00000,10.76667
Isak Rosen,rosenis01,BUF,F,1,0,0,0,0,0.000,0,0,6.48,0,0,0,0,0,0,0,0.00000,0.00000,0.00000,0.00000,0.00000,0.00000,6.48333
Alexander Nylander,nylanal01,TOR,F,3,0,0,0,4,0.000,0,0,30.25,0,0,0,0,0,0,0,0.00000,0.00000,0.00000,1.33333,0.00000,0.00000,10.08333
Mason Morelli,morelma01,VEG,F,1,0,0,0,0,0.000,4,0,0.00,0,0,0,0,0,0,0,0.00000,0.00000,0.00000,0.00000,4.00000,0.00000,0.00000
Ville Heinola,heinovi01,WPG,D,2,0,0,0,2,0.000,1,0,13.80,0,0,0,0,0,0,0,0.00000,0.00000,0.00000,1.00000,0.50000,0.00000,6.90000
Chase Bradley,bradlch01,COL,F,2,0,0,0,0,0.000,1,1,11.15,0,0,0,0,0,0,0,0.00000,0.00000,0.00000,0.00000,0.50000,0.50000,5.57500
Adam Wilsby,wilsbad01,NSH,D,3,0,0,0,4,0.000,3,3,49.42,0,0,0,0,0,0,0,0.00000,0.00000,0.00000,1.33333,1.00000,1.00000,16.47222
