GameID,Date,Home,Away
202410040BUF,10/04/2024,BUF,NJD
202410050NJD,10/05/2024,NJD,BUF
202410080SEA,10/08/2024,SEA,STL
202410080FLA,10/08/2024,FLA,BOS
202410080UTA,10/08/2024,UTA,CHI
202410090MTL,10/09/2024,MTL,TOR
202410090PIT,10/09/2024,PIT,NYR
202410090EDM,10/09/2024,EDM,WPG
202410090VAN,10/09/2024,VAN,CGY
202410090VEG,10/09/2024,VEG,COL
202410100BOS,10/10/2024,BOS,MTL
202410100BUF,10/10/2024,BUF,LAK
202410100OTT,10/10/2024,OTT,FLA
202410100DET,10/10/2024,DET,PIT
202410100NJD,10/10/2024,NJD,TOR
202410100NYI,10/10/2024,NYI,UTA
202410100NSH,10/10/2024,NSH,DAL
202410100MIN,10/10/2024,MIN,CBJ
202410100SJS,10/10/2024,SJS,STL
202410110CAR,10/11/2024,CAR,TBL
202410110WPG,10/11/2024,WPG,CHI
202410110VAN,10/11/2024,VAN,PHI
202410110VEG,10/11/2024,VEG,STL
202410120BOS,10/12/2024,BOS,LAK
202410120BUF,10/12/2024,BUF,FLA
202410120TOR,10/12/2024,TOR,PIT
202410120MTL,10/12/2024,MTL,OTT
202410120DET,10/12/2024,DET,NSH
202410120TBL,10/12/2024,TBL,CAR
202410120NYR,10/12/2024,NYR,UTA
202410120WSH,10/12/2024,WSH,NJD
202410120DAL,10/12/2024,DAL,NYI
202410120MIN,10/12/2024,MIN,SEA
202410120COL,10/12/2024,COL,CBJ
202410120CGY,10/12/2024,CGY,PHI
202410120EDM,10/12/2024,EDM,CHI
202410120SJS,10/12/2024,SJS,ANA
202410130WPG,10/13/2024,WPG,MIN
202410130DAL,10/13/2024,DAL,SEA
202410130EDM,10/13/2024,EDM,CGY
202410130VEG,10/13/2024,VEG,ANA
202410140BOS,10/14/2024,BOS,FLA
202410140OTT,10/14/2024,OTT,LAK
202410140NJD,10/14/2024,NJD,UTA
202410140NYR,10/14/2024,NYR,DET
202410140MTL,10/14/2024,MTL,PIT
202410140COL,10/14/2024,COL,NYI
202410150TBL,10/15/2024,TBL,VAN
202410150WSH,10/15/2024,WSH,VEG
202410150CAR,10/15/2024,CAR,NJD
202410150CBJ,10/15/2024,CBJ,FLA
202410150STL,10/15/2024,STL,MIN
202410150NSH,10/15/2024,NSH,SEA
202410150DAL,10/15/2024,DAL,SJS
202410150CGY,10/15/2024,CGY,CHI
202410150EDM,10/15/2024,EDM,PHI
202410160PIT,10/16/2024,PIT,BUF
202410160TOR,10/16/2024,TOR,LAK
202410160COL,10/16/2024,COL,BOS
202410160ANA,10/16/2024,ANA,UTA
202410170MTL,10/17/2024,MTL,LAK
202410170OTT,10/17/2024,OTT,NJD
202410170DET,10/17/2024,DET,NYR
202410170TBL,10/17/2024,TBL,VEG
202410170FLA,10/17/2024,FLA,VAN
202410170WSH,10/17/2024,WSH,DAL
202410170CBJ,10/17/2024,CBJ,BUF
202410170STL,10/17/2024,STL,NYI
202410170NSH,10/17/2024,NSH,EDM
202410170CHI,10/17/2024,CHI,SJS
202410170SEA,10/17/2024,SEA,PHI
202410180PIT,10/18/2024,PIT,CAR
202410180WPG,10/18/2024,WPG,SJS
202410180COL,10/18/2024,COL,ANA
202410190OTT,10/19/2024,OTT,TBL
202410190NSH,10/19/2024,NSH,DET
202410190DAL,10/19/2024,DAL,EDM
202410190FLA,10/19/2024,FLA,VEG
202410190TOR,10/19/2024,TOR,NYR
202410190NJD,10/19/2024,NJD,WSH
202410190NYI,10/19/2024,NYI,MTL
202410190PHI,10/19/2024,PHI,VAN
202410190CBJ,10/19/2024,CBJ,MIN
202410190STL,10/19/2024,STL,CAR
202410190CHI,10/19/2024,CHI,BUF
202410190UTA,10/19/2024,UTA,BOS
202410190SEA,10/19/2024,SEA,CGY
202410200WPG,10/20/2024,WPG,PIT
202410200SJS,10/20/2024,SJS,COL
202410200ANA,10/20/2024,ANA,LAK
202410210TOR,10/21/2024,TOR,TBL
202410220PHI,10/22/2024,PHI,WSH
202410220FLA,10/22/2024,FLA,MIN
202410220NJD,10/22/2024,NJD,TBL
202410220BUF,10/22/2024,BUF,DAL
202410220MTL,10/22/2024,MTL,NYR
202410220CBJ,10/22/2024,CBJ,TOR
202410220NYI,10/22/2024,NYI,DET
202410220STL,10/22/2024,STL,WPG
202410220CHI,10/22/2024,CHI,VAN
202410220NSH,10/22/2024,NSH,BOS
202410220CGY,10/22/2024,CGY,PIT
202410220EDM,10/22/2024,EDM,CAR
202410220UTA,10/22/2024,UTA,OTT
202410220ANA,10/22/2024,ANA,SJS
202410220SEA,10/22/2024,SEA,COL
202410220VEG,10/22/2024,VEG,LAK
202410230WSH,10/23/2024,WSH,PHI
202410240BOS,10/24/2024,BOS,DAL
202410240TOR,10/24/2024,TOR,STL
202410240DET,10/24/2024,DET,NJD
202410240TBL,10/24/2024,TBL,MIN
202410240NYR,10/24/2024,NYR,FLA
202410240CGY,10/24/2024,CGY,CAR
202410240UTA,10/24/2024,UTA,COL
202410240SEA,10/24/2024,SEA,WPG
202410240LAK,10/24/2024,LAK,SJS
202410250VEG,10/25/2024,VEG,OTT
202410250NJD,10/25/2024,NJD,NYI
202410250CHI,10/25/2024,CHI,NSH
202410250EDM,10/25/2024,EDM,PIT
202410260BUF,10/26/2024,BUF,DET
202410260PHI,10/26/2024,PHI,MIN
202410260LAK,10/26/2024,LAK,UTA
202410260BOS,10/26/2024,BOS,TOR
202410260MTL,10/26/2024,MTL,STL
202410260TBL,10/26/2024,TBL,WSH
202410260NYR,10/26/2024,NYR,ANA
202410260CGY,10/26/2024,CGY,WPG
202410260NYI,10/26/2024,NYI,FLA
202410260NSH,10/26/2024,NSH,CBJ
202410260DAL,10/26/2024,DAL,CHI
202410260VAN,10/26/2024,VAN,PIT
202410260VEG,10/26/2024,VEG,SJS
202410260SEA,10/26/2024,SEA,CAR
202410270DET,10/27/2024,DET,EDM
202410270NJD,10/27/2024,NJD,ANA
202410270PHI,10/27/2024,PHI,MTL
202410270COL,10/27/2024,COL,OTT
202410280BUF,10/28/2024,BUF,FLA
202410280TBL,10/28/2024,TBL,NSH
202410280CBJ,10/28/2024,CBJ,EDM
202410280WPG,10/28/2024,WPG,TOR
202410280COL,10/28/2024,COL,CHI
202410280UTA,10/28/2024,UTA,SJS
202410280VAN,10/28/2024,VAN,CAR
202410280VEG,10/28/2024,VEG,CGY
202410290BOS,10/29/2024,BOS,PHI
202410290MTL,10/29/2024,MTL,SEA
202410290OTT,10/29/2024,OTT,STL
202410290WSH,10/29/2024,WSH,NYR
202410290NYI,10/29/2024,NYI,ANA
202410290PIT,10/29/2024,PIT,MIN
202410290SJS,10/29/2024,SJS,LAK
202410300CBJ,10/30/2024,CBJ,NYI
202410300DET,10/30/2024,DET,WPG
202410300COL,10/30/2024,COL,TBL
202410300UTA,10/30/2024,UTA,CGY
202410300VAN,10/30/2024,VAN,NJD
202410300LAK,10/30/2024,LAK,VEG
202410310TOR,10/31/2024,TOR,SEA
202410310PHI,10/31/2024,PHI,STL
202410310PIT,10/31/2024,PIT,ANA
202410310WSH,10/31/2024,WSH,MTL
202410310CAR,10/31/2024,CAR,BOS
202410310NSH,10/31/2024,NSH,EDM
202410310SJS,10/31/2024,SJS,CHI
202411010BUF,11/01/2024,BUF,NYI
202411010NYR,11/01/2024,NYR,OTT
202411010CBJ,11/01/2024,CBJ,WPG
202411010MIN,11/01/2024,MIN,TBL
202411010DAL,11/01/2024,DAL,FLA
202411010CGY,11/01/2024,CGY,NJD
202411020PHI,11/02/2024,PHI,BOS
202411020LAK,11/02/2024,LAK,CHI
202411020WSH,11/02/2024,WSH,CBJ
202411020FLA,11/02/2024,FLA,DAL
202411020OTT,11/02/2024,OTT,SEA
202411020DET,11/02/2024,DET,BUF
202411020PIT,11/02/2024,PIT,MTL
202411020STL,11/02/2024,STL,TOR
202411020NSH,11/02/2024,NSH,COL
202411020VEG,11/02/2024,VEG,UTA
202411020SJS,11/02/2024,SJS,VAN
202411030NYR,11/03/2024,NYR,NYI
202411030WPG,11/03/2024,WPG,TBL
202411030BOS,11/03/2024,BOS,SEA
202411030CAR,11/03/2024,CAR,WSH
202411030MIN,11/03/2024,MIN,TOR
202411030CGY,11/03/2024,CGY,EDM
202411030ANA,11/03/2024,ANA,CHI
202411040NSH,11/04/2024,NSH,LAK
202411040EDM,11/04/2024,EDM,NJD
202411050BUF,11/05/2024,BUF,OTT
202411050TOR,11/05/2024,TOR,BOS
202411050MTL,11/05/2024,MTL,CGY
202411050CAR,11/05/2024,CAR,PHI
202411050NYI,11/05/2024,NYI,PIT
202411050STL,11/05/2024,STL,TBL
202411050MIN,11/05/2024,MIN,LAK
202411050WPG,11/05/2024,WPG,UTA
202411050COL,11/05/2024,COL,SEA
202411050ANA,11/05/2024,ANA,VAN
202411050SJS,11/05/2024,SJS,CBJ
202411060WSH,11/06/2024,WSH,NSH
202411060CHI,11/06/2024,CHI,DET
202411060EDM,11/06/2024,EDM,VEG
202411070BOS,11/07/2024,BOS,CGY
202411070OTT,11/07/2024,OTT,NYI
202411070TBL,11/07/2024,TBL,PHI
202411070FLA,11/07/2024,FLA,NSH
202411070NJD,11/07/2024,NJD,MTL
202411070NYR,11/07/2024,NYR,BUF
202411070CAR,11/07/2024,CAR,PIT
202411070STL,11/07/2024,STL,UTA
202411070DAL,11/07/2024,DAL,CHI
202411070WPG,11/07/2024,WPG,COL
202411070LAK,11/07/2024,LAK,VAN
202411070SJS,11/07/2024,SJS,MIN
202411080TOR,11/08/2024,TOR,DET
202411080WSH,11/08/2024,WSH,PIT
202411080ANA,11/08/2024,ANA,MIN
202411080SEA,11/08/2024,SEA,VEG
202411090BUF,11/09/2024,BUF,CGY
202411090FLA,11/09/2024,FLA,PHI
202411090BOS,11/09/2024,BOS,OTT
202411090TOR,11/09/2024,TOR,MTL
202411090DET,11/09/2024,DET,NYR
202411090STL,11/09/2024,STL,WSH
202411090WPG,11/09/2024,WPG,DAL
202411090NYI,11/09/2024,NYI,NJD
202411090NSH,11/09/2024,NSH,UTA
202411090COL,11/09/2024,COL,CAR
202411090LAK,11/09/2024,LAK,CBJ
202411090VAN,11/09/2024,VAN,EDM
202411100NJD,11/10/2024,NJD,SJS
202411100CHI,11/10/2024,CHI,MIN
202411100ANA,11/10/2024,ANA,CBJ
202411110BUF,11/11/2024,BUF,MTL
202411110PHI,11/11/2024,PHI,SJS
202411110PIT,11/11/2024,PIT,DAL
202411110CGY,11/11/2024,CGY,LAK
202411110COL,11/11/2024,COL,NSH
202411110VEG,11/11/2024,VEG,CAR
202411120TOR,11/12/2024,TOR,OTT
202411120FLA,11/12/2024,FLA,NJD
202411120NYR,11/12/2024,NYR,WPG
202411120STL,11/12/2024,STL,BOS
202411120EDM,11/12/2024,EDM,NYI
202411120VAN,11/12/2024,VAN,CGY
202411120SEA,11/12/2024,SEA,CBJ
202411130PIT,11/13/2024,PIT,DET
202411130WSH,11/13/2024,WSH,TOR
202411130UTA,11/13/2024,UTA,CAR
202411130COL,11/13/2024,COL,LAK
202411130ANA,11/13/2024,ANA,VEG
202411140BUF,11/14/2024,BUF,STL
202411140OTT,11/14/2024,OTT,PHI
202411140TBL,11/14/2024,TBL,WPG
202411140FLA,11/14/2024,FLA,NJD
202411140NYR,11/14/2024,NYR,SJS
202411140DAL,11/14/2024,DAL,BOS
202411140MIN,11/14/2024,MIN,MTL
202411140EDM,11/14/2024,EDM,NSH
202411140VAN,11/14/2024,VAN,NYI
202411140SEA,11/14/2024,SEA,CHI
202411150CBJ,11/15/2024,CBJ,PIT
202411150COL,11/15/2024,COL,WSH
202411150CGY,11/15/2024,CGY,NSH
202411150UTA,11/15/2024,UTA,VEG
202411150ANA,11/15/2024,ANA,DET
202411160BOS,11/16/2024,BOS,STL
202411160SEA,11/16/2024,SEA,NYI
202411160TOR,11/16/2024,TOR,EDM
202411160MTL,11/16/2024,MTL,CBJ
202411160TBL,11/16/2024,TBL,NJD
202411160FLA,11/16/2024,FLA,WPG
202411160PHI,11/16/2024,PHI,BUF
202411160PIT,11/16/2024,PIT,SJS
202411160CAR,11/16/2024,CAR,OTT
202411160MIN,11/16/2024,MIN,DAL
202411160LAK,11/16/2024,LAK,DET
202411160VAN,11/16/2024,VAN,CHI
202411170CAR,11/17/2024,CAR,STL
202411170VAN,11/17/2024,VAN,NSH
202411170VEG,11/17/2024,VEG,WSH
202411170SEA,11/17/2024,SEA,NYR
202411180BOS,11/18/2024,BOS,CBJ
202411180PHI,11/18/2024,PHI,COL
202411180MTL,11/18/2024,MTL,EDM
202411180DAL,11/18/2024,DAL,ANA
202411180UTA,11/18/2024,UTA,WSH
202411180SJS,11/18/2024,SJS,DET
202411190OTT,11/19/2024,OTT,EDM
202411190PIT,11/19/2024,PIT,TBL
202411190STL,11/19/2024,STL,MIN
202411190WPG,11/19/2024,WPG,FLA
202411190CHI,11/19/2024,CHI,ANA
202411190CGY,11/19/2024,CGY,NYI
202411190VAN,11/19/2024,VAN,NYR
202411200TOR,11/20/2024,TOR,VEG
202411200PHI,11/20/2024,PHI,CAR
202411200DAL,11/20/2024,DAL,SJS
202411200SEA,11/20/2024,SEA,NSH
202411200LAK,11/20/2024,LAK,BUF
202411210BOS,11/21/2024,BOS,UTA
202411210OTT,11/21/2024,OTT,VEG
202411210DET,11/21/2024,DET,NYI
202411210NJD,11/21/2024,NJD,CAR
202411210WSH,11/21/2024,WSH,COL
202411210CBJ,11/21/2024,CBJ,TBL
202411210STL,11/21/2024,STL,SJS
202411210CHI,11/21/2024,CHI,FLA
202411210CGY,11/21/2024,CGY,NYR
202411210EDM,11/21/2024,EDM,MIN
202411220PIT,11/22/2024,PIT,WPG
202411220ANA,11/22/2024,ANA,BUF
202411230PHI,11/23/2024,PHI,CHI
202411230CGY,11/23/2024,CGY,MIN
202411230LAK,11/23/2024,LAK,SEA
202411230FLA,11/23/2024,FLA,COL
202411230MTL,11/23/2024,MTL,VEG
202411230OTT,11/23/2024,OTT,VAN
202411230DET,11/23/2024,DET,BOS
202411230TBL,11/23/2024,TBL,DAL
202411230PIT,11/23/2024,PIT,UTA
202411230WSH,11/23/2024,WSH,NJD
202411230CBJ,11/23/2024,CBJ,CAR
202411230NSH,11/23/2024,NSH,WPG
202411230NYI,11/23/2024,NYI,STL
202411230SJS,11/23/2024,SJS,BUF
202411230EDM,11/23/2024,EDM,NYR
202411240TOR,11/24/2024,TOR,UTA
202411250TBL,11/25/2024,TBL,COL
202411250FLA,11/25/2024,FLA,WSH
202411250NJD,11/25/2024,NJD,NSH
202411250NYR,11/25/2024,NYR,STL
202411250PHI,11/25/2024,PHI,VEG
202411250CAR,11/25/2024,CAR,DAL
202411250OTT,11/25/2024,OTT,CGY
202411250NYI,11/25/2024,NYI,DET
202411250MIN,11/25/2024,MIN,WPG
202411250ANA,11/25/2024,ANA,SEA
202411250SJS,11/25/2024,SJS,LAK
202411260BOS,11/26/2024,BOS,VAN
202411260MTL,11/26/2024,MTL,UTA
202411270BUF,11/27/2024,BUF,MIN
202411270NJD,11/27/2024,NJD,STL
202411270CAR,11/27/2024,CAR,NYR
202411270DET,11/27/2024,DET,CGY
202411270TBL,11/27/2024,TBL,WSH
202411270FLA,11/27/2024,FLA,TOR
202411270NYI,11/27/2024,NYI,BOS
202411270PIT,11/27/2024,PIT,VAN
202411270CBJ,11/27/2024,CBJ,MTL
202411270NSH,11/27/2024,NSH,PHI
202411270CHI,11/27/2024,CHI,DAL
202411270COL,11/27/2024,COL,VEG
202411270LAK,11/27/2024,LAK,WPG
202411270SEA,11/27/2024,SEA,ANA
202411270SJS,11/27/2024,SJS,OTT
202411290PHI,11/29/2024,PHI,NYR
202411290MIN,11/29/2024,MIN,CHI
202411290BUF,11/29/2024,BUF,VAN
202411290DET,11/29/2024,DET,NJD
202411290WSH,11/29/2024,WSH,NYI
202411290CAR,11/29/2024,CAR,FLA
202411290CBJ,11/29/2024,CBJ,CGY
202411290NSH,11/29/2024,NSH,TBL
202411290ANA,11/29/2024,ANA,LAK
202411290SJS,11/29/2024,SJS,SEA
202411290BOS,11/29/2024,BOS,PIT
202411290DAL,11/29/2024,DAL,COL
202411290VEG,11/29/2024,VEG,WPG
202411290UTA,11/29/2024,UTA,EDM
202411300NYR,11/30/2024,NYR,MTL
202411300FLA,11/30/2024,FLA,CAR
202411300TBL,11/30/2024,TBL,TOR
202411300NJD,11/30/2024,NJD,WSH
202411300PIT,11/30/2024,PIT,CGY
202411300STL,11/30/2024,STL,PHI
202411300LAK,11/30/2024,LAK,OTT
202411300NYI,11/30/2024,NYI,BUF
202411300MIN,11/30/2024,MIN,NSH
202411300COL,11/30/2024,COL,EDM
202411300VEG,11/30/2024,VEG,UTA
202411300SEA,11/30/2024,SEA,SJS
202412010DET,12/01/2024,DET,VAN
202412010BOS,12/01/2024,BOS,MTL
202412010CHI,12/01/2024,CHI,CBJ
202412010DAL,12/01/2024,DAL,WPG
202412010ANA,12/01/2024,ANA,OTT
202412020NYR,12/02/2024,NYR,NJD
202412020TOR,12/02/2024,TOR,CHI
202412020UTA,12/02/2024,UTA,DAL
202412030BOS,12/03/2024,BOS,DET
202412030BUF,12/03/2024,BUF,COL
202412030MTL,12/03/2024,MTL,NYI
202412030PIT,12/03/2024,PIT,FLA
202412030WSH,12/03/2024,WSH,SJS
202412030CAR,12/03/2024,CAR,SEA
202412030MIN,12/03/2024,MIN,VAN
202412030WPG,12/03/2024,WPG,STL
202412030CGY,12/03/2024,CGY,CBJ
202412030VEG,12/03/2024,VEG,EDM
202412040TOR,12/04/2024,TOR,NSH
202412040CHI,12/04/2024,CHI,BOS
202412040ANA,12/04/2024,ANA,VEG
202412040LAK,12/04/2024,LAK,DAL
202412050BUF,12/05/2024,BUF,WPG
202412050MTL,12/05/2024,MTL,NSH
202412050OTT,12/05/2024,OTT,DET
202412050TBL,12/05/2024,TBL,SJS
202412050PHI,12/05/2024,PHI,FLA
202412050CAR,12/05/2024,CAR,COL
202412050NYI,12/05/2024,NYI,SEA
202412050CGY,12/05/2024,CGY,STL
202412050EDM,12/05/2024,EDM,CBJ
202412060TOR,12/06/2024,TOR,WSH
202412060NJD,12/06/2024,NJD,SEA
202412060NYR,12/06/2024,NYR,PIT
202412060VAN,12/06/2024,VAN,CBJ
202412060VEG,12/06/2024,VEG,DAL
202412060ANA,12/06/2024,ANA,MIN
202412070BOS,12/07/2024,BOS,PHI
202412070BUF,12/07/2024,BUF,UTA
202412070CHI,12/07/2024,CHI,WPG
202412070NYI,12/07/2024,NYI,CAR
202412070FLA,12/07/2024,FLA,SJS
202412070MTL,12/07/2024,MTL,WSH
202412070OTT,12/07/2024,OTT,NSH
202412070DET,12/07/2024,DET,COL
202412070PIT,12/07/2024,PIT,TOR
202412070LAK,12/07/2024,LAK,MIN
202412070EDM,12/07/2024,EDM,STL
202412080NYR,12/08/2024,NYR,SEA
202412080VAN,12/08/2024,VAN,TBL
202412080OTT,12/08/2024,OTT,NYI
202412080WPG,12/08/2024,WPG,CBJ
202412080NJD,12/08/2024,NJD,COL
202412080PHI,12/08/2024,PHI,UTA
202412080DAL,12/08/2024,DAL,CGY
202412090BUF,12/09/2024,BUF,DET
202412090NYR,12/09/2024,NYR,CHI
202412090MTL,12/09/2024,MTL,ANA
202412100NJD,12/10/2024,NJD,TOR
202412100PIT,12/10/2024,PIT,COL
202412100CAR,12/10/2024,CAR,SJS
202412100CBJ,12/10/2024,CBJ,PHI
202412100NYI,12/10/2024,NYI,LAK
202412100NSH,12/10/2024,NSH,CGY
202412100WPG,12/10/2024,WPG,BOS
202412100EDM,12/10/2024,EDM,TBL
202412100UTA,12/10/2024,UTA,MIN
202412100VAN,12/10/2024,VAN,STL
202412100SEA,12/10/2024,SEA,FLA
202412110BUF,12/11/2024,BUF,NYR
202412110OTT,12/11/2024,OTT,ANA
202412120TOR,12/12/2024,TOR,ANA
202412120MTL,12/12/2024,MTL,PIT
202412120NJD,12/12/2024,NJD,LAK
202412120PHI,12/12/2024,PHI,DET
202412120CBJ,12/12/2024,CBJ,WSH
202412120NYI,12/12/2024,NYI,CHI
202412120STL,12/12/2024,STL,SJS
202412120DAL,12/12/2024,DAL,NSH
202412120MIN,12/12/2024,MIN,EDM
202412120WPG,12/12/2024,WPG,VEG
202412120COL,12/12/2024,COL,UTA
202412120CGY,12/12/2024,CGY,TBL
202412120VAN,12/12/2024,VAN,FLA
202412120SEA,12/12/2024,SEA,BOS
202412130CAR,12/13/2024,CAR,OTT
202412140NJD,12/14/2024,NJD,CHI
202412140NYR,12/14/2024,NYR,LAK
202412140MIN,12/14/2024,MIN,PHI
202412140EDM,12/14/2024,EDM,VEG
202412140OTT,12/14/2024,OTT,PIT
202412140DET,12/14/2024,DET,TOR
202412140WSH,12/14/2024,WSH,BUF
202412140CBJ,12/14/2024,CBJ,ANA
202412140WPG,12/14/2024,WPG,MTL
202412140DAL,12/14/2024,DAL,STL
202412140COL,12/14/2024,COL,NSH
202412140CGY,12/14/2024,CGY,FLA
202412140VAN,12/14/2024,VAN,BOS
202412140SJS,12/14/2024,SJS,UTA
202412140SEA,12/14/2024,SEA,TBL
202412150CHI,12/15/2024,CHI,NYI
202412150TOR,12/15/2024,TOR,BUF
202412150CAR,12/15/2024,CAR,CBJ
202412150STL,12/15/2024,STL,NYR
202412150MIN,12/15/2024,MIN,VEG
202412160DAL,12/16/2024,DAL,WSH
202412160EDM,12/16/2024,EDM,FLA
202412160VAN,12/16/2024,VAN,COL
202412170MTL,12/17/2024,MTL,BUF
202412170TBL,12/17/2024,TBL,CBJ
202412170PIT,12/17/2024,PIT,LAK
202412170CAR,12/17/2024,CAR,NYI
202412170STL,12/17/2024,STL,NJD
202412170NSH,12/17/2024,NSH,NYR
202412170CHI,12/17/2024,CHI,WSH
202412170CGY,12/17/2024,CGY,BOS
202412170SEA,12/17/2024,SEA,OTT
202412170SJS,12/17/2024,SJS,WPG
202412180DET,12/18/2024,DET,PHI
202412180DAL,12/18/2024,DAL,TOR
202412180MIN,12/18/2024,MIN,FLA
202412180UTA,12/18/2024,UTA,VAN
202412180ANA,12/18/2024,ANA,WPG
202412190TBL,12/19/2024,TBL,STL
202412190PHI,12/19/2024,PHI,LAK
202412190CBJ,12/19/2024,CBJ,NJD
202412190NSH,12/19/2024,NSH,PIT
202412190CHI,12/19/2024,CHI,SEA
202412190CGY,12/19/2024,CGY,OTT
202412190EDM,12/19/2024,EDM,BOS
202412190VEG,12/19/2024,VEG,VAN
202412190SJS,12/19/2024,SJS,COL
202412200BUF,12/20/2024,BUF,TOR
202412200DET,12/20/2024,DET,MTL
202412200FLA,12/20/2024,FLA,STL
202412200WSH,12/20/2024,WSH,CAR
202412200DAL,12/20/2024,DAL,NYR
202412200MIN,12/20/2024,MIN,UTA
202412200ANA,12/20/2024,ANA,COL
202412210NSH,12/21/2024,NSH,LAK
202412210CGY,12/21/2024,CGY,CHI
202412210EDM,12/21/2024,EDM,SJS
202412210BOS,12/21/2024,BOS,BUF
202412210TOR,12/21/2024,TOR,NYI
202412210MTL,12/21/2024,MTL,DET
202412210NJD,12/21/2024,NJD,PIT
202412210PHI,12/21/2024,PHI,CBJ
202412210WPG,12/21/2024,WPG,MIN
202412210VAN,12/21/2024,VAN,OTT
202412210VEG,12/21/2024,VEG,SEA
202412220NYR,12/22/2024,NYR,CAR
202412220TBL,12/22/2024,TBL,FLA
202412220WSH,12/22/2024,WSH,LAK
202412220UTA,12/22/2024,UTA,ANA
202412220COL,12/22/2024,COL,SEA
202412220EDM,12/22/2024,EDM,OTT
202412230NJD,12/23/2024,NJD,NYR
202412230TOR,12/23/2024,TOR,WPG
202412230BOS,12/23/2024,BOS,WSH
202412230DET,12/23/2024,DET,STL
202412230FLA,12/23/2024,FLA,TBL
202412230PIT,12/23/2024,PIT,PHI
202412230CBJ,12/23/2024,CBJ,MTL
202412230NYI,12/23/2024,NYI,BUF
202412230NSH,12/23/2024,NSH,CAR
202412230MIN,12/23/2024,MIN,CHI
202412230VAN,12/23/2024,VAN,SJS
202412230UTA,12/23/2024,UTA,DAL
202412230VEG,12/23/2024,VEG,ANA
202412270BUF,12/27/2024,BUF,CHI
202412270DET,12/27/2024,DET,TOR
202412270NJD,12/27/2024,NJD,CAR
202412270CBJ,12/27/2024,CBJ,BOS
202412270STL,12/27/2024,STL,NSH
202412270DAL,12/27/2024,DAL,MIN
202412270UTA,12/27/2024,UTA,COL
202412270SJS,12/27/2024,SJS,VEG
202412280FLA,12/28/2024,FLA,MTL
202412280VAN,12/28/2024,VAN,SEA
202412280ANA,12/28/2024,ANA,PHI
202412280LAK,12/28/2024,LAK,EDM
202412280BOS,12/28/2024,BOS,CBJ
202412280TOR,12/28/2024,TOR,WSH
202412280TBL,12/28/2024,TBL,NYR
202412280CAR,12/28/2024,CAR,NJD
202412280WPG,12/28/2024,WPG,OTT
202412280NYI,12/28/2024,NYI,PIT
202412280SJS,12/28/2024,SJS,CGY
202412290CHI,12/29/2024,CHI,DAL
202412290ANA,12/29/2024,ANA,EDM
202412290DET,12/29/2024,DET,WSH
202412290TBL,12/29/2024,TBL,MTL
202412290PIT,12/29/2024,PIT,NYI
202412290STL,12/29/2024,STL,BUF
202412290MIN,12/29/2024,MIN,OTT
202412290VEG,12/29/2024,VEG,CGY
202412290LAK,12/29/2024,LAK,PHI
202412300FLA,12/30/2024,FLA,NYR
202412300WPG,12/30/2024,WPG,NSH
202412300SEA,12/30/2024,SEA,UTA
202412310WSH,12/31/2024,WSH,BOS
202412310TOR,12/31/2024,TOR,NYI
202412310VEG,12/31/2024,VEG,MTL
202412310CHI,12/31/2024,CHI,STL
202412310DET,12/31/2024,DET,PIT
202412310CBJ,12/31/2024,CBJ,CAR
202412310DAL,12/31/2024,DAL,BUF
202412310MIN,12/31/2024,MIN,NSH
202412310COL,12/31/2024,COL,WPG
202412310ANA,12/31/2024,ANA,NJD
202412310SJS,12/31/2024,SJS,PHI
202412310CGY,12/31/2024,CGY,VAN
202412310EDM,12/31/2024,EDM,UTA
202501010LAK,01/01/2025,LAK,NJD
202501020FLA,01/02/2025,FLA,CAR
202501020NYR,01/02/2025,NYR,BOS
202501020WSH,01/02/2025,WSH,MIN
202501020CBJ,01/02/2025,CBJ,DET
202501020NYI,01/02/2025,NYI,TOR
202501020DAL,01/02/2025,DAL,OTT
202501020WPG,01/02/2025,WPG,ANA
202501020COL,01/02/2025,COL,BUF
202501020CGY,01/02/2025,CGY,UTA
202501020VEG,01/02/2025,VEG,PHI
202501020SEA,01/02/2025,SEA,VAN
202501020SJS,01/02/2025,SJS,TBL
202501030FLA,01/03/2025,FLA,PIT
202501030CHI,01/03/2025,CHI,MTL
202501030STL,01/03/2025,STL,OTT
202501030EDM,01/03/2025,EDM,ANA
202501030VAN,01/03/2025,VAN,NSH
202501040WSH,01/04/2025,WSH,NYR
202501040WPG,01/04/2025,WPG,DET
202501040SJS,01/04/2025,SJS,NJD
202501040TOR,01/04/2025,TOR,BOS
202501040CAR,01/04/2025,CAR,MIN
202501040CBJ,01/04/2025,CBJ,STL
202501040COL,01/04/2025,COL,MTL
202501040CGY,01/04/2025,CGY,NSH
202501040DAL,01/04/2025,DAL,UTA
202501040LAK,01/04/2025,LAK,TBL
202501040VEG,01/04/2025,VEG,BUF
202501040SEA,01/04/2025,SEA,EDM
202501050CHI,01/05/2025,CHI,NYR
202501050BOS,01/05/2025,BOS,NYI
202501050CAR,01/05/2025,CAR,PIT
202501050TOR,01/05/2025,TOR,PHI
202501050ANA,01/05/2025,ANA,TBL
202501060BUF,01/06/2025,BUF,WSH
202501060MTL,01/06/2025,MTL,VAN
202501060COL,01/06/2025,COL,FLA
202501060SEA,01/06/2025,SEA,NJD
202501070BOS,01/07/2025,BOS,EDM
202501070DET,01/07/2025,DET,OTT
202501070NYR,01/07/2025,NYR,DAL
202501070PHI,01/07/2025,PHI,TOR
202501070PIT,01/07/2025,PIT,CBJ
202501070MIN,01/07/2025,MIN,STL
202501070WPG,01/07/2025,WPG,NSH
202501070ANA,01/07/2025,ANA,CGY
202501070SJS,01/07/2025,SJS,VEG
202501080WSH,01/08/2025,WSH,VAN
202501080CHI,01/08/2025,CHI,COL
202501080UTA,01/08/2025,UTA,FLA
202501080LAK,01/08/2025,LAK,CGY
202501090OTT,01/09/2025,OTT,BUF
202501090TBL,01/09/2025,TBL,BOS
202501090NYR,01/09/2025,NYR,NJD
202501090PHI,01/09/2025,PHI,DAL
202501090PIT,01/09/2025,PIT,EDM
202501090CAR,01/09/2025,CAR,TOR
202501090CBJ,01/09/2025,CBJ,SEA
202501090STL,01/09/2025,STL,ANA
202501090MIN,01/09/2025,MIN,COL
202501090VEG,01/09/2025,VEG,NYI
202501100DET,01/10/2025,DET,CHI
202501100WSH,01/10/2025,WSH,MTL
202501100CAR,01/10/2025,CAR,VAN
202501100WPG,01/10/2025,WPG,LAK
202501100UTA,01/10/2025,UTA,SJS
202501110FLA,01/11/2025,FLA,BOS
202501110BUF,01/11/2025,BUF,SEA
202501110PIT,01/11/2025,PIT,OTT
202501110TOR,01/11/2025,TOR,VAN
202501110MTL,01/11/2025,MTL,DAL
202501110NJD,01/11/2025,NJD,TBL
202501110PHI,01/11/2025,PHI,ANA
202501110CHI,01/11/2025,CHI,EDM
202501110STL,01/11/2025,STL,CBJ
202501110WPG,01/11/2025,WPG,COL
202501110NSH,01/11/2025,NSH,WSH
202501110UTA,01/11/2025,UTA,NYI
202501110CGY,01/11/2025,CGY,LAK
202501110VEG,01/11/2025,VEG,NYR
202501110SJS,01/11/2025,SJS,MIN
202501120DET,01/12/2025,DET,SEA
202501120OTT,01/12/2025,OTT,DAL
202501120PIT,01/12/2025,PIT,TBL
202501120CAR,01/12/2025,CAR,ANA
202501120VEG,01/12/2025,VEG,MIN
202501130PHI,01/13/2025,PHI,FLA
202501130CHI,01/13/2025,CHI,CGY
202501130EDM,01/13/2025,EDM,LAK
202501140BOS,01/14/2025,BOS,TBL
202501140TOR,01/14/2025,TOR,DAL
202501140DET,01/14/2025,DET,SJS
202501140NJD,01/14/2025,NJD,FLA
202501140PIT,01/14/2025,PIT,SEA
202501140WSH,01/14/2025,WSH,ANA
202501140CBJ,01/14/2025,CBJ,PHI
202501140NYI,01/14/2025,NYI,OTT
202501140STL,01/14/2025,STL,CGY
202501140NSH,01/14/2025,NSH,VEG
202501140WPG,01/14/2025,WPG,VAN
202501140COL,01/14/2025,COL,NYR
202501140UTA,01/14/2025,UTA,MTL
202501150BUF,01/15/2025,BUF,CAR
202501150MIN,01/15/2025,MIN,EDM
202501160TOR,01/16/2025,TOR,NJD
202501160OTT,01/16/2025,OTT,WSH
202501160TBL,01/16/2025,TBL,ANA
202501160FLA,01/16/2025,FLA,DET
202501160CBJ,01/16/2025,CBJ,SJS
202501160NYI,01/16/2025,NYI,PHI
202501160STL,01/16/2025,STL,CGY
202501160NSH,01/16/2025,NSH,CHI
202501160DAL,01/16/2025,DAL,MTL
202501160WPG,01/16/2025,WPG,SEA
202501160UTA,01/16/2025,UTA,NYR
202501160COL,01/16/2025,COL,EDM
202501160VAN,01/16/2025,VAN,LAK
202501170BUF,01/17/2025,BUF,PIT
202501170CAR,01/17/2025,CAR,VEG
202501180NJD,01/18/2025,NJD,PHI
202501180OTT,01/18/2025,OTT,BOS
202501180COL,01/18/2025,COL,DAL
202501180FLA,01/18/2025,FLA,ANA
202501180MTL,01/18/2025,MTL,TOR
202501180TBL,01/18/2025,TBL,DET
202501180NYR,01/18/2025,NYR,CBJ
202501180WSH,01/18/2025,WSH,PIT
202501180WPG,01/18/2025,WPG,CGY
202501180NYI,01/18/2025,NYI,SJS
202501180CHI,01/18/2025,CHI,VEG
202501180NSH,01/18/2025,NSH,MIN
202501180UTA,01/18/2025,UTA,STL
202501180VAN,01/18/2025,VAN,EDM
202501180SEA,01/18/2025,SEA,LAK
202501190NJD,01/19/2025,NJD,OTT
202501190MTL,01/19/2025,MTL,NYR
202501190DAL,01/19/2025,DAL,DET
202501200BOS,01/20/2025,BOS,SJS
202501200COL,01/20/2025,COL,MIN
202501200SEA,01/20/2025,SEA,BUF
202501200VEG,01/20/2025,VEG,STL
202501200TOR,01/20/2025,TOR,TBL
202501200NYI,01/20/2025,NYI,CBJ
202501200CHI,01/20/2025,CHI,CAR
202501200UTA,01/20/2025,UTA,WPG
202501200LAK,01/20/2025,LAK,PIT
202501210MTL,01/21/2025,MTL,TBL
202501210NYR,01/21/2025,NYR,OTT
202501210PHI,01/21/2025,PHI,DET
202501210NSH,01/21/2025,NSH,SJS
202501210DAL,01/21/2025,DAL,CAR
202501210EDM,01/21/2025,EDM,WSH
202501210VAN,01/21/2025,VAN,BUF
202501210ANA,01/21/2025,ANA,FLA
202501220TOR,01/22/2025,TOR,CBJ
202501220NJD,01/22/2025,NJD,BOS
202501220COL,01/22/2025,COL,WPG
202501220LAK,01/22/2025,LAK,FLA
202501230BOS,01/23/2025,BOS,OTT
202501230DET,01/23/2025,DET,MTL
202501230NYR,01/23/2025,NYR,PHI
202501230CAR,01/23/2025,CAR,CBJ
202501230STL,01/23/2025,STL,VEG
202501230MIN,01/23/2025,MIN,UTA
202501230CGY,01/23/2025,CGY,BUF
202501230EDM,01/23/2025,EDM,VAN
202501230ANA,01/23/2025,ANA,PIT
202501230SEA,01/23/2025,SEA,WSH
202501230SJS,01/23/2025,SJS,NSH
202501240NYI,01/24/2025,NYI,PHI
202501240CHI,01/24/2025,CHI,TBL
202501240DAL,01/24/2025,DAL,VEG
202501240WPG,01/24/2025,WPG,UTA
202501250BOS,01/25/2025,BOS,COL
202501250EDM,01/25/2025,EDM,BUF
202501250SEA,01/25/2025,SEA,PIT
202501250MTL,01/25/2025,MTL,NJD
202501250OTT,01/25/2025,OTT,TOR
202501250DET,01/25/2025,DET,TBL
202501250CBJ,01/25/2025,CBJ,LAK
202501250STL,01/25/2025,STL,DAL
202501250MIN,01/25/2025,MIN,CGY
202501250NYI,01/25/2025,NYI,CAR
202501250VAN,01/25/2025,VAN,WSH
202501250ANA,01/25/2025,ANA,NSH
202501250SJS,01/25/2025,SJS,FLA
202501260NYR,01/26/2025,NYR,COL
202501260OTT,01/26/2025,OTT,UTA
202501260WPG,01/26/2025,WPG,CGY
202501260CHI,01/26/2025,CHI,MIN
202501260VEG,01/26/2025,VEG,FLA
202501270DET,01/27/2025,DET,LAK
202501270PHI,01/27/2025,PHI,NJD
202501270STL,01/27/2025,STL,VAN
202501270EDM,01/27/2025,EDM,SEA
202501270SJS,01/27/2025,SJS,PIT
202501280BUF,01/28/2025,BUF,BOS
202501280MTL,01/28/2025,MTL,WPG
202501280TBL,01/28/2025,TBL,CHI
202501280NYR,01/28/2025,NYR,CAR
202501280NYI,01/28/2025,NYI,COL
202501280CGY,01/28/2025,CGY,WSH
202501280VEG,01/28/2025,VEG,DAL
202501280SEA,01/28/2025,SEA,ANA
202501290TOR,01/29/2025,TOR,MIN
202501290FLA,01/29/2025,FLA,LAK
202501290NJD,01/29/2025,NJD,PHI
202501290NSH,01/29/2025,NSH,VAN
202501290UTA,01/29/2025,UTA,PIT
202501300BOS,01/30/2025,BOS,WPG
202501300MTL,01/30/2025,MTL,MIN
202501300OTT,01/30/2025,OTT,WSH
202501300TBL,01/30/2025,TBL,LAK
202501300PHI,01/30/2025,PHI,NYI
202501300CAR,01/30/2025,CAR,CHI
202501300CGY,01/30/2025,CGY,ANA
202501300EDM,01/30/2025,EDM,DET
202501300VEG,01/30/2025,VEG,CBJ
202501300SEA,01/30/2025,SEA,SJS
202501310BUF,01/31/2025,BUF,NSH
202501310DAL,01/31/2025,DAL,VAN
202501310COL,01/31/2025,COL,STL
202501310UTA,01/31/2025,UTA,CBJ
202502010FLA,02/01/2025,FLA,CHI
202502010BOS,02/01/2025,BOS,NYR
202502010OTT,02/01/2025,OTT,MIN
202502010TBL,02/01/2025,TBL,NYI
202502010PIT,02/01/2025,PIT,NSH
202502010WSH,02/01/2025,WSH,WPG
202502010CAR,02/01/2025,CAR,LAK
202502010EDM,02/01/2025,EDM,TOR
202502010CGY,02/01/2025,CGY,DET
202502020BUF,02/02/2025,BUF,NJD
202502020COL,02/02/2025,COL,PHI
202502020ANA,02/02/2025,ANA,MTL
202502020FLA,02/02/2025,FLA,NYI
202502020NYR,02/02/2025,NYR,VEG
202502020DAL,02/02/2025,DAL,CBJ
202502020UTA,02/02/2025,UTA,STL
202502020VAN,02/02/2025,VAN,DET
202502020SEA,02/02/2025,SEA,CGY
202502030NSH,02/03/2025,NSH,OTT
202502040BOS,02/04/2025,BOS,MIN
202502040BUF,02/04/2025,BUF,CBJ
202502040TBL,02/04/2025,TBL,OTT
202502040PIT,02/04/2025,PIT,NJD
202502040WSH,02/04/2025,WSH,FLA
202502040NYI,02/04/2025,NYI,VEG
202502040STL,02/04/2025,STL,EDM
202502040WPG,02/04/2025,WPG,CAR
202502040CGY,02/04/2025,CGY,TOR
202502040UTA,02/04/2025,UTA,PHI
202502040VAN,02/04/2025,VAN,COL
202502040ANA,02/04/2025,ANA,DAL
202502040SEA,02/04/2025,SEA,DET
202502040SJS,02/04/2025,SJS,MTL
202502050NYR,02/05/2025,NYR,BOS
202502050CHI,02/05/2025,CHI,EDM
202502050LAK,02/05/2025,LAK,MTL
202502060TBL,02/06/2025,TBL,OTT
202502060NJD,02/06/2025,NJD,VEG
202502060PHI,02/06/2025,PHI,WSH
202502060CBJ,02/06/2025,CBJ,UTA
202502060STL,02/06/2025,STL,FLA
202502060MIN,02/06/2025,MIN,CAR
202502060CGY,02/06/2025,CGY,COL
202502060SEA,02/06/2025,SEA,TOR
202502060SJS,02/06/2025,SJS,VAN
202502070NYR,02/07/2025,NYR,PIT
202502070WPG,02/07/2025,WPG,NYI
202502070CHI,02/07/2025,CHI,NSH
202502070EDM,02/07/2025,EDM,COL
202502070LAK,02/07/2025,LAK,DAL
202502080MTL,02/08/2025,MTL,NJD
202502080DET,02/08/2025,DET,TBL
202502080CAR,02/08/2025,CAR,UTA
202502080BOS,02/08/2025,BOS,VEG
202502080FLA,02/08/2025,FLA,OTT
202502080PHI,02/08/2025,PHI,PIT
202502080CBJ,02/08/2025,CBJ,NYR
202502080STL,02/08/2025,STL,CHI
202502080VAN,02/08/2025,VAN,TOR
202502080NSH,02/08/2025,NSH,BUF
202502080MIN,02/08/2025,MIN,NYI
202502080CGY,02/08/2025,CGY,SEA
202502080LAK,02/08/2025,LAK,ANA
202502080SJS,02/08/2025,SJS,DAL
202502090WSH,02/09/2025,WSH,UTA
202502090MTL,02/09/2025,MTL,TBL
202502220PHI,02/22/2025,PHI,EDM
202502220PIT,02/22/2025,PIT,WSH
202502220DET,02/22/2025,DET,MIN
202502220BUF,02/22/2025,BUF,NYR
202502220FLA,02/22/2025,FLA,SEA
202502220NJD,02/22/2025,NJD,DAL
202502220NSH,02/22/2025,NSH,COL
202502220BOS,02/22/2025,BOS,ANA
202502220TOR,02/22/2025,TOR,CAR
202502220OTT,02/22/2025,OTT,MTL
202502220CBJ,02/22/2025,CBJ,CHI
202502220STL,02/22/2025,STL,WPG
202502220LAK,02/22/2025,LAK,UTA
202502220VEG,02/22/2025,VEG,VAN
202502230WSH,02/23/2025,WSH,EDM
202502230PIT,02/23/2025,PIT,NYR
202502230DET,02/23/2025,DET,ANA
202502230TBL,02/23/2025,TBL,SEA
202502230STL,02/23/2025,STL,COL
202502230NSH,02/23/2025,NSH,NJD
202502230CHI,02/23/2025,CHI,TOR
202502230NYI,02/23/2025,NYI,DAL
202502230CGY,02/23/2025,CGY,SJS
202502230UTA,02/23/2025,UTA,VAN
202502240WPG,02/24/2025,WPG,SJS
202502240LAK,02/24/2025,LAK,VEG
202502250BOS,02/25/2025,BOS,TOR
202502250BUF,02/25/2025,BUF,ANA
202502250MTL,02/25/2025,MTL,CAR
202502250TBL,02/25/2025,TBL,EDM
202502250PHI,02/25/2025,PHI,PIT
202502250WSH,02/25/2025,WSH,CGY
202502250CBJ,02/25/2025,CBJ,DAL
202502250NYI,02/25/2025,NYI,NYR
202502250STL,02/25/2025,STL,SEA
202502250NSH,02/25/2025,NSH,FLA
202502250MIN,02/25/2025,MIN,DET
202502250UTA,02/25/2025,UTA,CHI
202502260OTT,02/26/2025,OTT,WPG
202502260COL,02/26/2025,COL,NJD
202502260LAK,02/26/2025,LAK,VAN
202502270BOS,02/27/2025,BOS,NYI
202502270MTL,02/27/2025,MTL,SJS
202502270DET,02/27/2025,DET,CBJ
202502270TBL,02/27/2025,TBL,CGY
202502270FLA,02/27/2025,FLA,EDM
202502270PIT,02/27/2025,PIT,PHI
202502270WSH,02/27/2025,WSH,STL
202502270CAR,02/27/2025,CAR,BUF
202502270NSH,02/27/2025,NSH,WPG
202502270UTA,02/27/2025,UTA,MIN
202502270VEG,02/27/2025,VEG,CHI
202502270ANA,02/27/2025,ANA,VAN
202502280NYR,02/28/2025,NYR,TOR
202502280DAL,02/28/2025,DAL,LAK
202502280COL,02/28/2025,COL,MIN
202503010NYI,03/01/2025,NYI,NSH
202503010WSH,03/01/2025,WSH,TBL
202503010CBJ,03/01/2025,CBJ,DET
202503010FLA,03/01/2025,FLA,CGY
202503010PIT,03/01/2025,PIT,BOS
202503010BUF,03/01/2025,BUF,MTL
202503010OTT,03/01/2025,OTT,SJS
202503010CAR,03/01/2025,CAR,EDM
202503010WPG,03/01/2025,WPG,PHI
202503010STL,03/01/2025,STL,LAK
202503010UTA,03/01/2025,UTA,NJD
202503010ANA,03/01/2025,ANA,CHI
202503010SEA,03/01/2025,SEA,VAN
202503020PIT,03/02/2025,PIT,TOR
202503020MIN,03/02/2025,MIN,BOS
202503020CAR,03/02/2025,CAR,CGY
202503020DAL,03/02/2025,DAL,STL
202503020NYR,03/02/2025,NYR,NSH
202503020VEG,03/02/2025,VEG,NJD
202503030WSH,03/03/2025,WSH,OTT
202503030MTL,03/03/2025,MTL,BUF
202503030FLA,03/03/2025,FLA,TBL
202503030NYR,03/03/2025,NYR,NYI
202503030TOR,03/03/2025,TOR,SJS
202503030CHI,03/03/2025,CHI,LAK
202503040BOS,03/04/2025,BOS,NSH
202503040BUF,03/04/2025,BUF,SJS
202503040DET,03/04/2025,DET,CAR
202503040TBL,03/04/2025,TBL,CBJ
202503040PHI,03/04/2025,PHI,CGY
202503040NYI,03/04/2025,NYI,WPG
202503040DAL,03/04/2025,DAL,NJD
202503040COL,03/04/2025,COL,PIT
202503040EDM,03/04/2025,EDM,ANA
202503040SEA,03/04/2025,SEA,MIN
202503050NYR,03/05/2025,NYR,WSH
202503050CHI,03/05/2025,CHI,OTT
202503050VEG,03/05/2025,VEG,TOR
202503050VAN,03/05/2025,VAN,ANA
202503050LAK,03/05/2025,LAK,STL
202503060DET,03/06/2025,DET,UTA
202503060TBL,03/06/2025,TBL,BUF
202503060FLA,03/06/2025,FLA,CBJ
202503060PHI,03/06/2025,PHI,WPG
202503060CAR,03/06/2025,CAR,BOS
202503060NSH,03/06/2025,NSH,SEA
202503060DAL,03/06/2025,DAL,CGY
202503060EDM,03/06/2025,EDM,MTL
202503060COL,03/06/2025,COL,SJS
202503070NJD,03/07/2025,NJD,WPG
202503070WSH,03/07/2025,WSH,DET
202503070CHI,03/07/2025,CHI,UTA
202503070VAN,03/07/2025,VAN,MIN
202503070VEG,03/07/2025,VEG,PIT
202503070ANA,03/07/2025,ANA,STL
202503080OTT,03/08/2025,OTT,NYR
202503080PHI,03/08/2025,PHI,SEA
202503080TBL,03/08/2025,TBL,BOS
202503080FLA,03/08/2025,FLA,BUF
202503080COL,03/08/2025,COL,TOR
202503080CGY,03/08/2025,CGY,MTL
202503080NSH,03/08/2025,NSH,CHI
202503080LAK,03/08/2025,LAK,STL
202503080EDM,03/08/2025,EDM,DAL
202503080SJS,03/08/2025,SJS,NYI
202503090PHI,03/09/2025,PHI,NJD
202503090WSH,03/09/2025,WSH,SEA
202503090MIN,03/09/2025,MIN,PIT
202503090CAR,03/09/2025,CAR,WPG
202503090NYR,03/09/2025,NYR,CBJ
202503090VEG,03/09/2025,VEG,LAK
202503090VAN,03/09/2025,VAN,DAL
202503090ANA,03/09/2025,ANA,NYI
202503100BUF,03/10/2025,BUF,EDM
202503100OTT,03/10/2025,OTT,DET
202503100COL,03/10/2025,COL,CHI
202503100UTA,03/10/2025,UTA,TOR
202503110BOS,03/11/2025,BOS,FLA
202503110NJD,03/11/2025,NJD,CBJ
202503110PHI,03/11/2025,PHI,OTT
202503110PIT,03/11/2025,PIT,VEG
202503110CAR,03/11/2025,CAR,TBL
202503110MIN,03/11/2025,MIN,COL
202503110WPG,03/11/2025,WPG,NYR
202503110VAN,03/11/2025,VAN,MTL
202503110ANA,03/11/2025,ANA,WSH
202503110LAK,03/11/2025,LAK,NYI
202503110SJS,03/11/2025,SJS,NSH
202503120DET,03/12/2025,DET,BUF
202503120CGY,03/12/2025,CGY,VAN
202503120UTA,03/12/2025,UTA,ANA
202503120SEA,03/12/2025,SEA,MTL
202503130TOR,03/13/2025,TOR,FLA
202503130OTT,03/13/2025,OTT,BOS
202503130NJD,03/13/2025,NJD,EDM
202503130PHI,03/13/2025,PHI,TBL
202503130PIT,03/13/2025,PIT,STL
202503130CBJ,03/13/2025,CBJ,VEG
202503130MIN,03/13/2025,MIN,NYR
202503130LAK,03/13/2025,LAK,WSH
202503130SJS,03/13/2025,SJS,CHI
202503140CAR,03/14/2025,CAR,DET
202503140NYI,03/14/2025,NYI,EDM
202503140WPG,03/14/2025,WPG,DAL
202503140CGY,03/14/2025,CGY,COL
202503140ANA,03/14/2025,ANA,NSH
202503140SEA,03/14/2025,SEA,UTA
202503150BUF,03/15/2025,BUF,VEG
202503150PIT,03/15/2025,PIT,NJD
202503150SJS,03/15/2025,SJS,WSH
202503150BOS,03/15/2025,BOS,TBL
202503150TOR,03/15/2025,TOR,OTT
202503150MTL,03/15/2025,MTL,FLA
202503150PHI,03/15/2025,PHI,CAR
202503150CBJ,03/15/2025,CBJ,NYR
202503150MIN,03/15/2025,MIN,STL
202503150LAK,03/15/2025,LAK,NSH
202503150VAN,03/15/2025,VAN,CHI
202503160DET,03/16/2025,DET,VEG
202503160COL,03/16/2025,COL,DAL
202503160STL,03/16/2025,STL,ANA
202503160NYR,03/16/2025,NYR,EDM
202503160NYI,03/16/2025,NYI,FLA
202503160VAN,03/16/2025,VAN,UTA
202503160SEA,03/16/2025,SEA,WPG
202503170BOS,03/17/2025,BOS,BUF
202503170TBL,03/17/2025,TBL,PHI
202503170CBJ,03/17/2025,CBJ,NJD
202503170TOR,03/17/2025,TOR,CGY
202503170MIN,03/17/2025,MIN,LAK
202503180MTL,03/18/2025,MTL,OTT
202503180NYR,03/18/2025,NYR,CGY
202503180PIT,03/18/2025,PIT,NYI
202503180WSH,03/18/2025,WSH,DET
202503180NSH,03/18/2025,NSH,STL
202503180DAL,03/18/2025,DAL,ANA
202503180CHI,03/18/2025,CHI,SEA
202503180EDM,03/18/2025,EDM,UTA
202503180VAN,03/18/2025,VAN,WPG
202503190TOR,03/19/2025,TOR,COL
202503190MIN,03/19/2025,MIN,SEA
202503200OTT,03/20/2025,OTT,COL
202503200NJD,03/20/2025,NJD,CGY
202503200NYR,03/20/2025,NYR,TOR
202503200WSH,03/20/2025,WSH,PHI
202503200CBJ,03/20/2025,CBJ,FLA
202503200NYI,03/20/2025,NYI,MTL
202503200STL,03/20/2025,STL,VAN
202503200NSH,03/20/2025,NSH,ANA
202503200DAL,03/20/2025,DAL,TBL
202503200CHI,03/20/2025,CHI,LAK
202503200EDM,03/20/2025,EDM,WPG
202503200UTA,03/20/2025,UTA,BUF
202503200VEG,03/20/2025,VEG,BOS
202503200SJS,03/20/2025,SJS,CAR
202503210PIT,03/21/2025,PIT,CBJ
202503220NYR,03/22/2025,NYR,VAN
202503220DAL,03/22/2025,DAL,PHI
202503220MIN,03/22/2025,MIN,BUF
202503220STL,03/22/2025,STL,CHI
202503220NYI,03/22/2025,NYI,CGY
202503220LAK,03/22/2025,LAK,CAR
202503220WSH,03/22/2025,WSH,FLA
202503220UTA,03/22/2025,UTA,TBL
202503220MTL,03/22/2025,MTL,COL
202503220NJD,03/22/2025,NJD,OTT
202503220NSH,03/22/2025,NSH,TOR
202503220VEG,03/22/2025,VEG,DET
202503220EDM,03/22/2025,EDM,SEA
202503220SJS,03/22/2025,SJS,BOS
202503230CHI,03/23/2025,CHI,PHI
202503230WPG,03/23/2025,WPG,BUF
202503230FLA,03/23/2025,FLA,PIT
202503230STL,03/23/2025,STL,NSH
202503230VEG,03/23/2025,VEG,TBL
202503230ANA,03/23/2025,ANA,CAR
202503230LAK,03/23/2025,LAK,BOS
202503240NJD,03/24/2025,NJD,VAN
202503240NYI,03/24/2025,NYI,CBJ
202503240DAL,03/24/2025,DAL,MIN
202503240UTA,03/24/2025,UTA,DET
202503250BUF,03/25/2025,BUF,OTT
202503250TOR,03/25/2025,TOR,PHI
202503250TBL,03/25/2025,TBL,PIT
202503250CAR,03/25/2025,CAR,NSH
202503250STL,03/25/2025,STL,MTL
202503250MIN,03/25/2025,MIN,VEG
202503250WPG,03/25/2025,WPG,WSH
202503250COL,03/25/2025,COL,DET
202503250CGY,03/25/2025,CGY,SEA
202503250LAK,03/25/2025,LAK,NYR
202503260NYI,03/26/2025,NYI,VAN
202503260CHI,03/26/2025,CHI,NJD
202503260EDM,03/26/2025,EDM,DAL
202503260ANA,03/26/2025,ANA,BOS
202503270BUF,03/27/2025,BUF,PIT
202503270DET,03/27/2025,DET,OTT
202503270TBL,03/27/2025,TBL,UTA
202503270PHI,03/27/2025,PHI,MTL
202503270NSH,03/27/2025,NSH,STL
202503270MIN,03/27/2025,MIN,WSH
202503270COL,03/27/2025,COL,LAK
202503270CGY,03/27/2025,CGY,DAL
202503270SEA,03/27/2025,SEA,EDM
202503270SJS,03/27/2025,SJS,TOR
202503280FLA,03/28/2025,FLA,UTA
202503280CAR,03/28/2025,CAR,MTL
202503280CBJ,03/28/2025,CBJ,VAN
202503280WPG,03/28/2025,WPG,NJD
202503280CHI,03/28/2025,CHI,VEG
202503280ANA,03/28/2025,ANA,NYR
202503290PHI,03/29/2025,PHI,BUF
202503290TBL,03/29/2025,TBL,NYI
202503290COL,03/29/2025,COL,STL
202503290MIN,03/29/2025,MIN,NJD
202503290NSH,03/29/2025,NSH,VEG
202503290OTT,03/29/2025,OTT,CBJ
202503290LAK,03/29/2025,LAK,TOR
202503290DET,03/29/2025,DET,BOS
202503290EDM,03/29/2025,EDM,CGY
202503290SJS,03/29/2025,SJS,NYR
202503290SEA,03/29/2025,SEA,DAL
202503300FLA,03/30/2025,FLA,MTL
202503300WSH,03/30/2025,WSH,BUF
202503300WPG,03/30/2025,WPG,VAN
202503300CHI,03/30/2025,CHI,UTA
202503300PIT,03/30/2025,PIT,OTT
202503300CAR,03/30/2025,CAR,NYI
202503300ANA,03/30/2025,ANA,TOR
202503300LAK,03/30/2025,LAK,SJS
202503310NJD,03/31/2025,NJD,MIN
202503310PHI,03/31/2025,PHI,NSH
202503310COL,03/31/2025,COL,CGY
202503310SEA,03/31/2025,SEA,DAL
202504010BOS,04/01/2025,BOS,WSH
202504010MTL,04/01/2025,MTL,FLA
202504010OTT,04/01/2025,OTT,BUF
202504010CBJ,04/01/2025,CBJ,NSH
202504010NYI,04/01/2025,NYI,TBL
202504010STL,04/01/2025,STL,DET
202504010UTA,04/01/2025,UTA,CGY
202504010VEG,04/01/2025,VEG,EDM
202504010ANA,04/01/2025,ANA,SJS
202504010LAK,04/01/2025,LAK,WPG
202504020NYR,04/02/2025,NYR,MIN
202504020CAR,04/02/2025,CAR,WSH
202504020TOR,04/02/2025,TOR,FLA
202504020CHI,04/02/2025,CHI,COL
202504020VAN,04/02/2025,VAN,SEA
202504030MTL,04/03/2025,MTL,BOS
202504030OTT,04/03/2025,OTT,TBL
202504030CBJ,04/03/2025,CBJ,COL
202504030STL,04/03/2025,STL,PIT
202504030DAL,04/03/2025,DAL,NSH
202504030UTA,04/03/2025,UTA,LAK
202504030CGY,04/03/2025,CGY,ANA
202504030VEG,04/03/2025,VEG,WPG
202504030SJS,04/03/2025,SJS,EDM
202504040DET,04/04/2025,DET,CAR
202504040WSH,04/04/2025,WSH,CHI
202504040NYI,04/04/2025,NYI,MIN
202504050NJD,04/05/2025,NJD,NYR
202504050OTT,04/05/2025,OTT,FLA
202504050DAL,04/05/2025,DAL,PIT
202504050VAN,04/05/2025,VAN,ANA
202504050LAK,04/05/2025,LAK,EDM
202504050BOS,04/05/2025,BOS,CAR
202504050BUF,04/05/2025,BUF,TBL
202504050TOR,04/05/2025,TOR,CBJ
202504050MTL,04/05/2025,MTL,PHI
202504050STL,04/05/2025,STL,COL
202504050UTA,04/05/2025,UTA,WPG
202504050CGY,04/05/2025,CGY,VEG
202504050SJS,04/05/2025,SJS,SEA
202504060NYI,04/06/2025,NYI,WSH
202504060MIN,04/06/2025,MIN,DAL
202504060OTT,04/06/2025,OTT,CBJ
202504060DET,04/06/2025,DET,FLA
202504060BUF,04/06/2025,BUF,BOS
202504060CHI,04/06/2025,CHI,PIT
202504060NSH,04/06/2025,NSH,MTL
202504060VAN,04/06/2025,VAN,VEG
202504070NYR,04/07/2025,NYR,TBL
202504070WPG,04/07/2025,WPG,STL
202504070ANA,04/07/2025,ANA,EDM
202504070LAK,04/07/2025,LAK,SEA
202504070SJS,04/07/2025,SJS,CGY
202504080BUF,04/08/2025,BUF,CAR
202504080MTL,04/08/2025,MTL,DET
202504080FLA,04/08/2025,FLA,TOR
202504080NJD,04/08/2025,NJD,BOS
202504080CBJ,04/08/2025,CBJ,OTT
202504080PIT,04/08/2025,PIT,CHI
202504080NSH,04/08/2025,NSH,NYI
202504080DAL,04/08/2025,DAL,VAN
202504080UTA,04/08/2025,UTA,SEA
202504080COL,04/08/2025,COL,VEG
202504090TBL,04/09/2025,TBL,TOR
202504090NYR,04/09/2025,NYR,PHI
202504090MIN,04/09/2025,MIN,SJS
202504090EDM,04/09/2025,EDM,STL
202504090ANA,04/09/2025,ANA,CGY
202504100BOS,04/10/2025,BOS,CHI
202504100FLA,04/10/2025,FLA,DET
202504100WSH,04/10/2025,WSH,CAR
202504100CBJ,04/10/2025,CBJ,BUF
202504100NYI,04/10/2025,NYI,NYR
202504100DAL,04/10/2025,DAL,WPG
202504100COL,04/10/2025,COL,VAN
202504100UTA,04/10/2025,UTA,NSH
202504100VEG,04/10/2025,VEG,SEA
202504100LAK,04/10/2025,LAK,ANA
202504110OTT,04/11/2025,OTT,MTL
202504110TBL,04/11/2025,TBL,DET
202504110NJD,04/11/2025,NJD,PIT
202504110EDM,04/11/2025,EDM,SJS
202504110CGY,04/11/2025,CGY,MIN
202504120PHI,04/12/2025,PHI,NYI
202504120CAR,04/12/2025,CAR,NYR
202504120LAK,04/12/2025,LAK,COL
202504120FLA,04/12/2025,FLA,BUF
202504120TOR,04/12/2025,TOR,MTL
202504120CBJ,04/12/2025,CBJ,WSH
202504120CHI,04/12/2025,CHI,WPG
202504120DAL,04/12/2025,DAL,UTA
202504120VAN,04/12/2025,VAN,MIN
202504120VEG,04/12/2025,VEG,NSH
202504120SEA,04/12/2025,SEA,STL
202504130OTT,04/13/2025,OTT,PHI
202504130NJD,04/13/2025,NJD,NYI
202504130PIT,04/13/2025,PIT,BOS
202504130CAR,04/13/2025,CAR,TOR
202504130TBL,04/13/2025,TBL,BUF
202504130WSH,04/13/2025,WSH,CBJ
202504130WPG,04/13/2025,WPG,EDM
202504130CGY,04/13/2025,CGY,SJS
202504130ANA,04/13/2025,ANA,COL
202504140MTL,04/14/2025,MTL,CHI
202504140DET,04/14/2025,DET,DAL
202504140FLA,04/14/2025,FLA,NYR
202504140NSH,04/14/2025,NSH,UTA
202504140EDM,04/14/2025,EDM,LAK
202504140VAN,04/14/2025,VAN,SJS
202504150BOS,04/15/2025,BOS,NJD
202504150BUF,04/15/2025,BUF,TOR
202504150OTT,04/15/2025,OTT,CHI
202504150TBL,04/15/2025,TBL,FLA
202504150PHI,04/15/2025,PHI,CBJ
202504150NYI,04/15/2025,NYI,WSH
202504150STL,04/15/2025,STL,UTA
202504150MIN,04/15/2025,MIN,ANA
202504150CGY,04/15/2025,CGY,VEG
202504150SEA,04/15/2025,SEA,LAK
202504160MTL,04/16/2025,MTL,CAR
202504160WPG,04/16/2025,WPG,ANA
202504160NJD,04/16/2025,NJD,DET
202504160NSH,04/16/2025,NSH,DAL
202504160VAN,04/16/2025,VAN,VEG
202504160SJS,04/16/2025,SJS,EDM
202504170BUF,04/17/2025,BUF,PHI
202504170TOR,04/17/2025,TOR,DET
202504170OTT,04/17/2025,OTT,CAR
202504170NYR,04/17/2025,NYR,TBL
202504170PIT,04/17/2025,PIT,WSH
202504170CBJ,04/17/2025,CBJ,NYI
